model_seed,direction_idx,direction_cosine,sign,taylor_error_slope,smallest_epsilon,smallest_relative_error,smallest_absolute_error,smallest_sign_agreement,small_epsilon_sign_agreement
42,0,-0.18792875835070916,-1,1.947904985959661,0.001,0.00814265582425001,6.6037706031047555e-06,True,True
42,0,-0.18792875835070916,1,1.9371221263481195,0.001,0.008264123906149522,6.593220790078111e-06,True,True
42,1,-0.25937670779096056,-1,1.5706537922662214,0.001,0.003506231163616395,3.906418796773871e-06,True,True
42,1,-0.25937670779096056,1,2.1285699359660057,0.001,0.003599982741809982,3.982470949736271e-06,True,True
42,2,0.20253634425640393,-1,1.9736212919629017,0.001,0.007059424522056719,6.07713714285388e-06,True,True
42,2,0.20253634425640393,1,1.8937954025827917,0.001,0.006944440840370702,6.062455610403609e-06,True,True
42,3,-0.22152047452199092,-1,1.8695463128792402,0.001,0.00791294794053815,7.562828798833294e-06,True,True
42,3,-0.22152047452199092,1,1.9602030080759174,0.001,0.008059365920526257,7.580720907775511e-06,True,True
42,4,-0.16477486795889024,-1,1.2945072190833944,0.001,0.0037575046464267048,2.6601572205029247e-06,True,True
42,4,-0.16477486795889024,1,2.2253757524734783,0.001,0.003896731290975382,2.73768994207748e-06,True,True
123,0,-0.11208369202085712,-1,2.5330864841314353,0.001,0.0001935872524014949,1.2926839906943384e-07,True,True
123,0,-0.11208369202085712,1,2.9417260961339866,0.001,0.0001534232783651844,1.024843555980353e-07,True,True
123,1,0.10408402814112039,-1,2.1549934038117695,0.001,0.001624342098142168,1.0058054234558973e-06,True,True
123,1,0.10408402814112039,1,1.6198183804592345,0.001,0.0015767684446534788,9.794777743386655e-07,True,True
123,2,-0.229215861526914,-1,1.2510863082771377,0.001,0.0026874968130557097,3.6805999280387167e-06,True,True
123,2,-0.229215861526914,1,2.056488368561423,0.001,0.002744173179239164,3.7378622070921488e-06,True,True
123,3,0.21439670961440516,-1,2.2262395056288726,0.001,0.0013002334662139262,1.6589465379923847e-06,True,True
123,3,0.21439670961440516,1,1.9326931660089774,0.001,0.0012378810639169123,1.5834057778651815e-06,True,True
123,4,-0.11225113301288181,-1,2.58473348299075,0.001,0.0003325514365536539,2.225108858943791e-07,True,True
123,4,-0.11225113301288181,1,2.5306924087719613,0.001,0.00039193882702135595,2.6205719633469633e-07,True,True
999,0,-0.25156930448619985,-1,2.268169771215855,0.001,0.0005399182985069988,7.522990580158956e-07,True,True
999,0,-0.25156930448619985,1,2.3905681418907325,0.001,0.0005951230373006679,8.282783412246614e-07,True,True
999,1,0.08703961304560337,-1,2.454947844463232,0.001,0.0006049878191614856,2.913205990991087e-07,True,True
999,1,0.08703961304560337,1,2.1588070525089846,0.001,0.0005497519004527439,2.6502862683950397e-07,True,True
999,2,-0.10105990634083968,-1,1.8617387025985719,0.001,0.0013151586970384546,7.367139107259876e-07,True,True
999,2,-0.10105990634083968,1,2.286705889497353,0.001,0.001387703635906692,7.752533274204068e-07,True,True
999,3,0.1475421611070177,-1,2.1100950213545313,0.001,0.002093152238464655,1.7060004369883093e-06,True,True
999,3,0.1475421611070177,1,1.0370407928336167,0.001,0.0020450211808749857,1.6736832789405846e-06,True,True
999,4,0.1885980725371287,-1,2.0279949584764383,0.001,0.0028972801811028986,3.016071047144296e-06,True,True
999,4,0.1885980725371287,1,1.6802150843925383,0.001,0.0028556396983117904,2.9898740857199364e-06,True,True
