model_seed,direction_idx,direction_cosine,sign,epsilon,predicted_delta,exact_delta,absolute_error,relative_error,sign_agreement
42,0,-0.18792875835070916,-1,0.1,0.08044056525678675,0.1346218869762611,0.054181321719474346,0.40247037785934875,True
42,0,-0.18792875835070916,-1,0.03,0.02413216957703602,0.03007972345739668,0.005947553880360657,0.19772634840823775,True
42,0,-0.18792875835070916,-1,0.01,0.008044056525678675,0.008707647169422295,0.0006635906437436195,0.0762078011238075,True
42,0,-0.18792875835070916,-1,0.003,0.002413216957703602,0.002472734981761593,5.9518024057991e-05,0.024069714100776768,True
42,0,-0.18792875835070916,-1,0.001,0.0008044056525678672,0.0008110094231709719,6.6037706031047555e-06,0.00814265582425001,True
42,0,-0.18792875835070916,1,0.1,-0.08044056525678675,-0.028253169117027743,0.05218739613975901,1.8471342426611703,True
42,0,-0.18792875835070916,1,0.03,-0.02413216957703602,-0.018440582942173656,0.005691586634862366,0.30864461566698603,True
42,0,-0.18792875835070916,1,0.01,-0.008044056525678675,-0.007390894265488002,0.0006531622601906734,0.08837391481036791,True
42,0,-0.18792875835070916,1,0.003,-0.002413216957703602,-0.00235398351274263,5.923344496097183e-05,0.02516306704797556,True
42,0,-0.18792875835070916,1,0.001,-0.0008044056525678672,-0.000797812431777789,6.593220790078111e-06,0.008264123906149522,True
42,1,-0.25937670779096056,-1,0.1,0.11102297047167467,0.11891460772375376,0.007891637252079087,0.06636390098020477,True
42,1,-0.25937670779096056,-1,0.03,0.0333068911415024,0.035842449491421846,0.002535558349919448,0.07074177088611876,True
42,1,-0.25937670779096056,-1,0.01,0.011102297047167467,0.011458631080414783,0.0003563340332473162,0.031097434828525564,True
42,1,-0.25937670779096056,-1,0.003,0.00333068911415024,0.0033651611412109927,3.4472027060752745e-05,0.010243796838907863,True
42,1,-0.25937670779096056,-1,0.001,0.0011102297047167467,0.0011141361235135205,3.906418796773871e-06,0.003506231163616395,True
42,1,-0.25937670779096056,1,0.1,-0.11102297047167467,-0.04752568592835843,0.06349728454331624,1.3360624534495693,True
42,1,-0.25937670779096056,1,0.03,-0.0333068911415024,-0.028781909588294408,0.004524981553207991,0.1572161686953634,True
42,1,-0.25937670779096056,1,0.01,-0.011102297047167467,-0.010670178239689299,0.0004321188074781681,0.040497805919571105,True
42,1,-0.25937670779096056,1,0.003,-0.00333068911415024,-0.003294164263952404,3.6524850197836196e-05,0.011087744044072943,True
42,1,-0.25937670779096056,1,0.001,-0.0011102297047167467,-0.0011062472337670104,3.982470949736271e-06,0.003599982741809982,True
42,2,0.20253634425640393,-1,0.1,-0.08669316053599523,-0.031724905639182566,0.05496825489681266,1.7326530619817784,True
42,2,0.20253634425640393,-1,0.03,-0.026007948160798565,-0.020476316430627195,0.00553163173017137,0.2701477948395787,True
42,2,0.20253634425640393,-1,0.01,-0.008669316053599524,-0.008056614781254301,0.000612701272345223,0.07604946853991622,True
42,2,0.20253634425640393,-1,0.003,-0.0026007948160798565,-0.0025459802586360047,5.481455744385175e-05,0.021529843861875956,True
42,2,0.20253634425640393,-1,0.001,-0.0008669316053599521,-0.0008608544682170982,6.07713714285388e-06,0.007059424522056719,True
42,2,0.20253634425640393,1,0.1,0.08669316053599523,0.12745817261384523,0.04076501207785001,0.3198305078588729,True
42,2,0.20253634425640393,1,0.03,0.026007948160798565,0.031142855999565844,0.005134907838767279,0.1648823678483073,True
42,2,0.20253634425640393,1,0.01,0.008669316053599524,0.009267333629618901,0.0005980175760193773,0.06452962631107621,True
42,2,0.20253634425640393,1,0.003,0.0026007948160798565,0.002655212967206999,5.441815112714257e-05,0.020494834802040254,True
42,2,0.20253634425640393,1,0.001,0.0008669316053599521,0.0008729940609703557,6.062455610403609e-06,0.006944440840370702,True
42,3,-0.22152047452199092,-1,0.1,0.0948190811394957,0.14124747201887652,0.04642839087938082,0.3287024554547501,True
42,3,-0.22152047452199092,-1,0.03,0.028445724341848715,0.03479910362334976,0.006353379281501044,0.18257307286610702,True
42,3,-0.22152047452199092,-1,0.01,0.009481908113949571,0.010227407847683667,0.0007454997337340962,0.07289234426130167,True
42,3,-0.22152047452199092,-1,0.003,0.0028445724341848713,0.0029124570374031156,6.788460321824428e-05,0.0233083620964838,True
42,3,-0.22152047452199092,-1,0.001,0.0009481908113949572,0.0009557536401937905,7.562828798833294e-06,0.00791294794053815,True
42,3,-0.22152047452199092,1,0.1,-0.0948190811394957,-0.029573379752481643,0.06524570138701406,2.2062308039560135,True
42,3,-0.22152047452199092,1,0.03,-0.028445724341848715,-0.021599909538423,0.0068458148034257135,0.31693719787335384,True
42,3,-0.22152047452199092,1,0.01,-0.009481908113949571,-0.008718473629005796,0.0007634344849437747,0.08756515388242704,True
42,3,-0.22152047452199092,1,0.003,-0.0028445724341848713,-0.002776204649794334,6.83677843905375e-05,0.02462634892409762,True
42,3,-0.22152047452199092,1,0.001,-0.0009481908113949572,-0.0009406100904871817,7.580720907775511e-06,0.008059365920526257,True
42,4,-0.16477486795889024,-1,0.1,0.07052983074570243,0.07242819776908602,0.0018983670233835848,0.02621033080839477,True
42,4,-0.16477486795889024,-1,0.03,0.021158949223710723,0.022650315522654063,0.0014913662989433397,0.06584306949065352,True
42,4,-0.16477486795889024,-1,0.01,0.007052983074570242,0.007285341129756484,0.00023235805518624208,0.03189391561051154,True
42,4,-0.16477486795889024,-1,0.003,0.0021158949223710724,0.0021391471291344333,2.3252206763360855e-05,0.010869849224802707,True
42,4,-0.16477486795889024,-1,0.001,0.0007052983074570243,0.0007079584646775272,2.6601572205029247e-06,0.0037575046464267048,True
42,4,-0.16477486795889024,1,0.1,-0.07052983074570243,-0.008306163076652107,0.062223667669050325,7.491264871015545,True
42,4,-0.16477486795889024,1,0.03,-0.021158949223710723,-0.017616619625965946,0.0035423295977447776,0.20107884900480993,True
42,4,-0.16477486795889024,1,0.01,-0.007052983074570242,-0.006743263323962467,0.0003097197506077747,0.04593024708187987,True
42,4,-0.16477486795889024,1,0.003,-0.0021158949223710724,-0.0020905497046968535,2.5345217674218896e-05,0.012123709671803358,True
42,4,-0.16477486795889024,1,0.001,-0.0007052983074570243,-0.0007025606175149468,2.73768994207748e-06,0.003896731290975382,True
123,0,-0.11208369202085712,-1,0.1,0.06678819094734649,0.05694318037299226,0.009845010574354232,0.17289182848353252,True
123,0,-0.11208369202085712,-1,0.03,0.020036457284203953,0.01960528272229889,0.0004311745619050636,0.021992774499224595,True
123,0,-0.11208369202085712,-1,0.01,0.006678819094734648,0.006654226399962604,2.459269477204408e-05,0.00369580072781748,True
123,0,-0.11208369202085712,-1,0.003,0.0020036457284203944,0.002002243951495078,1.4017769253164489e-06,0.0007001029641117109,True
123,0,-0.11208369202085712,-1,0.001,0.000667881909473465,0.0006677526410743956,1.2926839906943384e-07,0.0001935872524014949,True
123,0,-0.11208369202085712,1,0.1,-0.06678819094734649,-0.054530990869603724,0.012257200077742766,0.22477493774233043,True
123,0,-0.11208369202085712,1,0.03,-0.020036457284203953,-0.019756961937226064,0.0002794953469778885,0.014146676390121673,True
123,0,-0.11208369202085712,1,0.01,-0.006678819094734648,-0.006676679009490705,2.140085243943282e-06,0.00032053139605801227,True
123,0,-0.11208369202085712,1,0.003,-0.0020036457284203944,-0.0020043244480852374,6.787196648429597e-07,0.00033862764358901637,True
123,0,-0.11208369202085712,1,0.001,-0.000667881909473465,-0.000667984393829063,1.024843555980353e-07,0.0001534232783651844,True
123,1,0.10408402814112039,-1,0.1,-0.06202136832505969,-0.04433224012342893,0.01768912820163076,0.39901273096917833,True
123,1,0.10408402814112039,-1,0.03,-0.0186064104975179,-0.01739347704787579,0.0012129334496421076,0.06973496134806693,True
123,1,0.10408402814112039,-1,0.01,-0.0062021368325059665,-0.006090082640168637,0.00011205419233732954,0.018399453498093535,True
123,1,0.10408402814112039,-1,0.003,-0.0018606410497517907,-0.0018513543763332418,9.286673418548849e-06,0.005016151168714583,True
123,1,0.10408402814112039,-1,0.001,-0.0006202136832505968,-0.0006192078778271409,1.0058054234558973e-06,0.001624342098142168,True
123,1,0.10408402814112039,1,0.1,0.06202136832505969,0.05952850889763159,0.0024928594274281,0.04187673223454924,True
123,1,0.10408402814112039,1,0.03,0.0186064104975179,0.01912777732109347,0.0005213668235755711,0.027257052130182702,True
123,1,0.10408402814112039,1,0.01,0.0062021368325059665,0.006287944085647812,8.58072531418454e-05,0.01364631300359363,True
123,1,0.10408402814112039,1,0.003,0.0018606410497517907,0.0018692170532655789,8.576003513788158e-06,0.0045880190846780584,True
123,1,0.10408402814112039,1,0.001,0.0006202136832505968,0.0006211931610249355,9.794777743386655e-07,0.0015767684446534788,True
123,2,-0.229215861526914,-1,0.1,0.13658465787307666,0.1343964636415883,0.0021881942314883607,0.016281635485022056,True
123,2,-0.229215861526914,-1,0.03,0.040975397361923,0.04336456606305503,0.0023891687011320245,0.05509495235483299,True
123,2,-0.229215861526914,-1,0.01,0.013658465787307667,0.013998435793565717,0.00033997000625804984,0.0242862853587052,True
123,2,-0.229215861526914,-1,0.003,0.0040975397361923006,0.004130132640516593,3.2592904324292224e-05,0.007891490942580365,True
123,2,-0.229215861526914,-1,0.001,0.0013658465787307666,0.0013695271786588054,3.6805999280387167e-06,0.0026874968130557097,True
123,2,-0.229215861526914,1,0.1,-0.13658465787307666,-0.09077112263779974,0.045813535235276925,0.5047148686051266,True
123,2,-0.229215861526914,1,0.03,-0.040975397361923,-0.03705749121907674,0.003917906142846261,0.10572507781717753,True
123,2,-0.229215861526914,1,0.01,-0.013658465787307667,-0.013261298935948157,0.0003971668513595098,0.029949317429447807,True
123,2,-0.229215861526914,1,0.003,-0.0040975397361923006,-0.004063400891647487,3.413884454481382e-05,0.00840154477865766,True
123,2,-0.229215861526914,1,0.001,-0.0013658465787307666,-0.0013621087165236745,3.7378622070921488e-06,0.002744173179239164,True
123,3,0.21439670961440516,-1,0.1,-0.12775425329088108,-0.0898544132282939,0.037899840062587176,0.42179163717083895,True
123,3,0.21439670961440516,-1,0.03,-0.03832627598726433,-0.03594658133549854,0.0023796946517657958,0.06620086148264014,True
123,3,0.21439670961440516,-1,0.01,-0.012775425329088107,-0.012576492817043788,0.00019893251204431903,0.01581780508590787,True
123,3,0.21439670961440516,-1,0.003,-0.003832627598726433,-0.0038170234083415022,1.5604190384930702e-05,0.0040880520540770605,True
123,3,0.21439670961440516,-1,0.001,-0.0012775425329088108,-0.0012758835863708184,1.6589465379923847e-06,0.0013002334662139262,True
123,3,0.21439670961440516,1,0.1,0.12775425329088108,0.11188770652240954,0.015866546768471546,0.14180777550654056,True
123,3,0.21439670961440516,1,0.03,0.03832627598726433,0.03873948801881116,0.0004132120315468307,0.010666429854369339,True
123,3,0.21439670961440516,1,0.01,0.012775425329088107,0.012899125723825358,0.00012370039473725072,0.009589827821335956,True
123,3,0.21439670961440516,1,0.003,0.003832627598726433,0.003846192864677564,1.3565265951131014e-05,0.0035269333672034216,True
123,3,0.21439670961440516,1,0.001,0.0012775425329088108,0.001279125938686676,1.5834057778651815e-06,0.0012378810639169123,True
123,4,-0.11225113301288181,-1,0.1,0.06688796532795556,0.056901093735130845,0.009986871592824714,0.17551282299269408,True
123,4,-0.11225113301288181,-1,0.03,0.020066389598386664,0.01980155113827918,0.00026483846010748324,0.013374632030493475,True
123,4,-0.11225113301288181,-1,0.01,0.0066887965327955545,0.0066937755334935956,4.979000698041025e-06,0.0007438254648856442,True
123,4,-0.11225113301288181,-1,0.003,0.002006638959838666,0.002008289130343538,1.6501705048721158e-06,0.0008216797471735744,True
123,4,-0.11225113301288181,-1,0.001,0.0006688796532795555,0.0006691021641654499,2.225108858943791e-07,0.0003325514365536539,True
123,4,-0.11225113301288181,1,0.1,-0.06688796532795556,-0.047913895354258745,0.018974069973696814,0.3960034940471676,True
123,4,-0.11225113301288181,1,0.03,-0.020066389598386664,-0.019296326240053063,0.0007700633583336003,0.039907252227897795,True
123,4,-0.11225113301288181,1,0.01,-0.0066887965327955545,-0.006644408148109557,4.4388384685997706e-05,0.006680562616946843,True
123,4,-0.11225113301288181,1,0.003,-0.002006638959838666,-0.002003921338434342,2.7176214043240013e-06,0.0013561517371970654,True
123,4,-0.11225113301288181,1,0.001,-0.0006688796532795555,-0.0006686175960832208,2.6205719633469633e-07,0.00039193882702135595,True
999,0,-0.25156930448619985,-1,0.1,0.13926049183139083,0.11867414131091061,0.020586350520480218,0.1734695553140485,True
999,0,-0.25156930448619985,-1,0.03,0.041778147549417236,0.041491961575537514,0.0002861859738797212,0.0068973835656988645,True
999,0,-0.25156930448619985,-1,0.01,0.013926049183139083,0.013967164147361766,4.111496422268268e-05,0.002943687336161852,True
999,0,-0.25156930448619985,-1,0.003,0.004177814754941724,0.004183901460572875,6.086705631151365e-06,0.0014547918225392314,True
999,0,-0.25156930448619985,-1,0.001,0.001392604918313908,0.0013933572173719239,7.522990580158956e-07,0.0005399182985069988,True
999,0,-0.25156930448619985,1,0.1,-0.13926049183139083,-0.10424922059359755,0.03501127123779328,0.3358420431197305,True
999,0,-0.25156930448619985,1,0.03,-0.041778147549417236,-0.040080419173798135,0.0016977283756191008,0.04235804940705213,True
999,0,-0.25156930448619985,1,0.01,-0.013926049183139083,-0.01380923969234528,0.00011680949079380387,0.00845879233007691,True
999,0,-0.25156930448619985,1,0.003,-0.004177814754941724,-0.00416967723236468,8.137522577044212e-06,0.001951595321067409,True
999,0,-0.25156930448619985,1,0.001,-0.001392604918313908,-0.0013917766399726833,8.282783412246614e-07,0.0005951230373006679,True
999,1,0.08703961304560337,-1,0.1,-0.048182266697046866,-0.03263026292443999,0.015552003772606876,0.4766128856705737,True
999,1,0.08703961304560337,-1,0.03,-0.01445468000911406,-0.013826278396502259,0.0006284016126118005,0.04544980178981295,True
999,1,0.08703961304560337,-1,0.01,-0.004818226669704685,-0.004776903642186761,4.132302751792393e-05,0.00865058845922359,True
999,1,0.08703961304560337,-1,0.003,-0.0014454680009114056,-0.001442606706812996,2.861294098409524e-06,0.0019834193788899604,True
999,1,0.08703961304560337,-1,0.001,-0.0004818226669704685,-0.0004815313463713694,2.913205990991087e-07,0.0006049878191614856,True
999,1,0.08703961304560337,1,0.1,0.048182266697046866,0.042687814352902226,0.00549445234414464,0.12871243064172216,True
999,1,0.08703961304560337,1,0.03,0.01445468000911406,0.014387530336206378,6.714967290768169e-05,0.004667213297802667,True
999,1,0.08703961304560337,1,0.01,0.004818226669704685,0.004833316605293347,1.5089935588662347e-05,0.0031220664444237245,True
999,1,0.08703961304560337,1,0.003,0.0014454680009114056,0.0014476195403218262,2.1515394104205596e-06,0.0014862602710807855,True
999,1,0.08703961304560337,1,0.001,0.0004818226669704685,0.000482087695597308,2.6502862683950397e-07,0.0005497519004527439,True
999,2,-0.10105990634083968,-1,0.1,0.05594343988112292,0.05041510652299415,0.005528333358128773,0.10965628636740696,True
999,2,-0.10105990634083968,-1,0.03,0.016783031964336875,0.016979592616369735,0.00019656065203286013,0.011576287869436831,True
999,2,-0.10105990634083968,-1,0.01,0.0055943439881122915,0.005651002880070005,5.665889195771365e-05,0.010026342785550263,True
999,2,-0.10105990634083968,-1,0.003,0.0016783031964336878,0.001684588816984356,6.285620550668114e-06,0.0037312491257779053,True
999,2,-0.10105990634083968,-1,0.001,0.000559434398811229,0.000560171112721955,7.367139107259876e-07,0.0013151586970384546,True
999,2,-0.10105990634083968,1,0.1,-0.05594343988112292,-0.033872720118316255,0.022070719762806668,0.6515780157517435,True
999,2,-0.10105990634083968,1,0.03,-0.016783031964336875,-0.015581035413968186,0.0012019965503686884,0.07714484425669907,True
999,2,-0.10105990634083968,1,0.01,-0.0055943439881122915,-0.0054992928337343205,9.505115437797099e-05,0.017284250403051562,True
999,2,-0.10105990634083968,1,0.003,-0.0016783031964336878,-0.0016709773336781447,7.325862755543089e-06,0.0043841784133704835,True
999,2,-0.10105990634083968,1,0.001,-0.000559434398811229,-0.0005586591454838086,7.752533274204068e-07,0.001387703635906692,True
999,3,0.1475421611070177,-1,0.1,-0.08167448713027191,-0.056229352488931475,0.025445134641340433,0.4525240557651666,True
999,3,0.1475421611070177,-1,0.03,-0.024502346139081574,-0.022598913907626375,0.0019034322314551988,0.08422671280732895,True
999,3,0.1475421611070177,-1,0.01,-0.00816744871302719,-0.007982886262393588,0.00018456245063360258,0.023119764527155293,True
999,3,0.1475421611070177,-1,0.003,-0.0024502346139081573,-0.0024345937455897276,1.564086831842967e-05,0.0064244263942446825,True
999,3,0.1475421611070177,-1,0.001,-0.0008167448713027191,-0.0008150388708657308,1.7060004369883093e-06,0.002093152238464655,True
999,3,0.1475421611070177,1,0.1,0.08167448713027191,0.0821115014765055,0.0004370143462335968,0.005322206248519756,True
999,3,0.1475421611070177,1,0.03,0.024502346139081574,0.0255560934422064,0.0010537473031248246,0.04123272226671937,True
999,3,0.1475421611070177,1,0.01,0.00816744871302719,0.008319789782524858,0.00015234106949766832,0.018310687346650294,True
999,3,0.1475421611070177,1,0.003,0.0024502346139081573,0.0024650031285589763,1.4768514650818996e-05,0.005991276229922096,True
999,3,0.1475421611070177,1,0.001,0.0008167448713027191,0.0008184185545816597,1.6736832789405846e-06,0.0020450211808749857,True
999,4,0.1885980725371287,-1,0.1,-0.10440168920295934,-0.07107732125466858,0.03332436794829076,0.46884670609476453,True
999,4,0.1885980725371287,-1,0.03,-0.031320506760887795,-0.028359913754584548,0.002960593006303247,0.10439358285511886,True
999,4,0.1885980725371287,-1,0.01,-0.010440168920295933,-0.010127972379900485,0.00031219654039544784,0.030825176914484772,True
999,4,0.1885980725371287,-1,0.003,-0.00313205067608878,-0.0031046790101587063,2.7371665930073664e-05,0.008816262757119766,True
999,4,0.1885980725371287,-1,0.001,-0.0010440168920295932,-0.001041000820982449,3.016071047144296e-06,0.0028972801811028986,True
999,4,0.1885980725371287,1,0.1,0.10440168920295934,0.11341635551858872,0.009014666315629388,0.07948294824331488,True
999,4,0.1885980725371287,1,0.03,0.031320506760887795,0.03357461057093247,0.0022541038100446775,0.0671371542875374,True
999,4,0.1885980725371287,1,0.01,0.010440168920295933,0.01072616938941072,0.00028600046911478674,0.026663803146455736,True
999,4,0.1885980725371287,1,0.003,0.00313205067608878,0.003158715025347425,2.6664349258645036e-05,0.008441517846552884,True
999,4,0.1885980725371287,1,0.001,0.0010440168920295932,0.0010470067661153132,2.9898740857199364e-06,0.0028556396983117904,True
