seed,source,destination,sign,epsilon,alpha,linear_effect_full,predicted_delta,exact_delta,absolute_error,relative_error,sign_agreement
42,0,0,-1,0.1,-0.1,0.1517990487636624,-0.015179904876366241,-0.01852704535241534,0.003347140476049098,0.1806623998797918,True
42,0,0,-1,0.03,-0.03,0.1517990487636624,-0.004553971462909872,-0.004878787322841305,0.0003248158599314325,0.06657717142346481,True
42,0,0,-1,0.01,-0.01,0.1517990487636624,-0.001517990487636624,-0.0015547458611737675,3.675537353714335e-05,0.023640759853442928,True
42,0,0,-1,0.003,-0.003,0.1517990487636624,-0.0004553971462909872,-0.0004587252482863846,3.3281019953974042e-06,0.007255109693285625,True
42,0,0,-1,0.001,-0.001,0.1517990487636624,-0.0001517990487636624,-0.00015216946780638452,3.7041904272212367e-07,0.0024342533890795545,True
42,0,0,1,0.1,0.1,0.1517990487636624,0.015179904876366241,0.011208811674388919,0.003971093201977322,0.3542831584057119,True
42,0,0,1,0.03,0.03,0.1517990487636624,0.004553971462909872,0.004212257680988429,0.00034171378192144296,0.08112366521728508,True
42,0,0,1,0.01,0.01,0.1517990487636624,0.001517990487636624,0.0014806091006995814,3.7381386937042696e-05,0.025247303234445982,True
42,0,0,1,0.003,0.003,0.1517990487636624,0.0004553971462909872,0.00045205214142951533,3.3450048614718777e-06,0.0073995996366570385,True
42,0,0,1,0.001,0.001,0.1517990487636624,0.0001517990487636624,0.0001514280036882809,3.710450753814838e-07,0.0024503068543734567,True
42,0,1,-1,0.1,-0.1,-0.8877323541892942,0.08877323541892942,0.08561824166880694,0.0031549937501224867,0.03684955085070308,True
42,0,1,-1,0.03,-0.03,-0.8877323541892942,0.026631970625678826,0.02634624028849286,0.0002857303371859646,0.01084520349230861,True
42,0,1,-1,0.01,-0.01,-0.8877323541892942,0.008877323541892941,0.008845525034828494,3.179850706444727e-05,0.0035948693762375195,True
42,0,1,-1,0.003,-0.003,-0.8877323541892942,0.0026631970625678827,0.0026603336581785264,2.8634043893562867e-06,0.0010763328053056316,True
42,0,1,-1,0.001,-0.001,-0.8877323541892942,0.0008877323541892942,0.0008874141499197741,3.182042695201552e-07,0.0003585747078170009,True
42,0,1,1,0.1,0.1,-0.8877323541892942,-0.08877323541892942,-0.09197583147663924,0.003202596057709811,0.03481997396808783,True
42,0,1,1,0.03,0.03,-0.8877323541892942,-0.026631970625678826,-0.026918994710141586,0.00028702408446276,0.010662511269584122,True
42,0,1,1,0.01,0.01,-0.8877323541892942,-0.008877323541892941,-0.00890916999317648,3.184645128353862e-05,0.0035745699439936347,True
42,0,1,1,0.003,0.003,-0.8877323541892942,-0.0026631970625678827,-0.002666061761536387,2.864698968504161e-06,0.001074505853477792,True
42,0,1,1,0.001,0.001,-0.8877323541892942,-0.0008877323541892942,-0.0008880506064077309,3.1825221843669385e-07,0.0003583717145625985,True
42,0,2,-1,0.1,-0.1,-0.38857297567899496,0.0388572975678995,0.03784271692654162,0.0010145806413578776,0.026810459812579804,True
42,0,2,-1,0.03,-0.03,-0.38857297567899496,0.011657189270369848,0.011563899263511868,9.329000685798054e-05,0.008067348628013652,True
42,0,2,-1,0.01,-0.01,-0.38857297567899496,0.00388572975678995,0.003875291099592726,1.0438657197223925e-05,0.002693644665382938,True
42,0,2,-1,0.003,-0.003,-0.38857297567899496,0.001165718927036985,0.0011647770445564198,9.418824805651482e-07,0.000808637571427967,True
42,0,2,-1,0.001,-0.001,-0.38857297567899496,0.00038857297567899496,0.0003884682446981813,1.0473098081365071e-07,0.0002695998508063921,True
42,0,2,1,0.1,0.1,-0.38857297567899496,-0.0388572975678995,-0.03995009103823044,0.0010927934703309425,0.027353966960555566,True
42,0,2,1,0.03,0.03,-0.38857297567899496,-0.011657189270369848,-0.011752582124394895,9.539285402504656e-05,0.008116757067967143,True
42,0,2,1,0.01,0.01,-0.38857297567899496,-0.00388572975678995,-0.0038962462680252052,1.0516511235255429e-05,0.002699139251427676,True
42,0,2,1,0.003,0.003,-0.38857297567899496,-0.001165718927036985,-0.0011666629114870375,9.439844500525041e-07,0.0008091321329905776,True
42,0,2,1,0.001,0.001,-0.38857297567899496,-0.00038857297567899496,-0.0003886777845103495,1.0480883135455168e-07,0.0002696548028506139,True
42,1,0,-1,0.1,-0.1,0.8261051104508847,-0.08261051104508849,-0.08409333530196417,0.001482824256875681,0.0176330770036784,True
42,1,0,-1,0.03,-0.03,0.8261051104508847,-0.02478315331352654,-0.024928480855265445,0.0001453275417389044,0.005829779302745117,True
42,1,0,-1,0.01,-0.01,0.8261051104508847,-0.008261051104508848,-0.008277566523080537,1.6515418571689394e-05,0.0019952021558073928,True
42,1,0,-1,0.003,-0.003,0.8261051104508847,-0.002478315331352654,-0.0024798132230365866,1.497891683932464e-06,0.0006040340740252454,True
42,1,0,-1,0.001,-0.001,0.8261051104508847,-0.0008261051104508848,-0.0008262719071643332,1.6679671344837273e-07,0.00020186661558033503,True
42,1,0,1,0.1,0.1,0.8261051104508847,0.08261051104508849,0.08076380155374796,0.0018467094913405258,0.022865559270529738,True
42,1,0,1,0.03,0.03,0.8261051104508847,0.02478315331352654,0.02462800044670521,0.00015515286682132867,0.006299856423873233,True
42,1,0,1,0.01,0.01,0.8261051104508847,0.008261051104508848,0.008244171783528209,1.6879320980638796e-05,0.002047424704851923,True
42,1,0,1,0.003,0.003,0.8261051104508847,0.002478315331352654,0.002476807614299137,1.5077170535172414e-06,0.0006087340190707064,True
42,1,0,1,0.001,0.001,0.8261051104508847,0.0008261051104508848,0.0008259379498349873,1.6716061589756252e-07,0.00020238883069964185,True
42,1,1,-1,0.1,-0.1,-1.2349411247422595,0.12349411247422595,0.11128792823052214,0.012206184243703816,0.10968111670135408,True
42,1,1,-1,0.03,-0.03,-1.2349411247422595,0.03704823374226778,0.03592452218226461,0.0011237115600031752,0.03127979139992389,True
42,1,1,-1,0.01,-0.01,-1.2349411247422595,0.012349411247422596,0.012223807511490214,0.00012560373593238118,0.01027533653604373,True
42,1,1,-1,0.003,-0.003,-1.2349411247422595,0.0037048233742267784,0.003693496066334845,1.1327307891933515e-05,0.003066825492296762,True
42,1,1,-1,0.001,-0.001,-1.2349411247422595,0.0012349411247422595,0.0012336818118168225,1.259312925437064e-06,0.0010207761137229503,True
42,1,1,1,0.1,0.1,-1.2349411247422595,-0.12349411247422595,-0.13641212854927298,0.012918016075047029,0.09469844223111697,True
42,1,1,1,0.03,0.03,-1.2349411247422595,-0.03704823374226778,-0.03819137550284779,0.001143141760580009,0.0299319347766034,True
42,1,1,1,0.01,0.01,-1.2349411247422595,-0.012349411247422596,-0.012475735308331348,0.00012632406090875258,0.01012558039960922,True
42,1,1,1,0.003,0.003,-1.2349411247422595,-0.0037048233742267784,-0.003716170133005292,1.1346758778513731e-05,0.0030533474982044296,True
42,1,1,1,0.001,0.001,-1.2349411247422595,-0.0012349411247422595,-0.0012362011580777654,1.2600333355059033e-06,0.0010192785593771776,True
42,1,2,-1,0.1,-0.1,-0.5368403364665191,0.05368403364665191,0.055226270023890134,0.0015422363772382222,0.02792577475485981,True
42,1,2,-1,0.03,-0.03,-0.5368403364665191,0.01610521009399557,0.016261431389061887,0.00015622129506631666,0.009606860019186108,True
42,1,2,-1,0.01,-0.01,-0.5368403364665191,0.005368403364665191,0.005386276983180505,1.7873618515313466e-05,0.0033183623068636548,True
42,1,2,-1,0.003,-0.003,-0.5368403364665191,0.0016105210093995573,0.0016121454925848155,1.6244831852582804e-06,0.0010076529647790556,True
42,1,2,-1,0.001,-0.001,-0.5368403364665191,0.000536840336466519,0.0005370213338196095,1.8099735309042974e-07,0.00033703940922248063,True
42,1,2,1,0.1,0.1,-0.5368403364665191,-0.05368403364665191,-0.05164791708835592,0.0020361165582959903,0.03942301399711306,True
42,1,2,1,0.03,0.03,-0.5368403364665191,-0.01610521009399557,-0.01593556899992077,0.00016964109407480166,0.010645436888738966,True
42,1,2,1,0.01,0.01,-0.5368403364665191,-0.005368403364665191,-0.005350032437204,1.8370927461191372e-05,0.0034337973978326515,True
42,1,2,1,0.003,0.003,-0.5368403364665191,-0.0016105210093995573,-0.001608883098012548,1.6379113870093436e-06,0.0010180425097588844,True
42,1,2,1,0.001,0.001,-0.5368403364665191,-0.000536840336466519,-0.0005366588417698992,1.8149469661985374e-07,0.00033819380674188616,True
42,2,0,-1,0.1,-0.1,0.3859708775098596,-0.03859708775098596,-0.04078246589079848,0.0021853781398125174,0.05358621878491149,True
42,2,0,-1,0.03,-0.03,0.3859708775098596,-0.011579126325295787,-0.011774696769905724,0.00019557044460993649,0.016609382681495786,True
42,2,0,-1,0.01,-0.01,0.3859708775098596,-0.003859708775098596,-0.0038813853352293037,2.1676560130707862e-05,0.005584748294368268,True
42,2,0,-1,0.003,-0.003,0.3859708775098596,-0.0011579126325295787,-0.0011598616666979034,1.9490341683246412e-06,0.0016804022619986156,True
42,2,0,-1,0.001,-0.001,0.3859708775098596,-0.0003859708775098596,-0.00038618737612372556,2.1649861386594752e-07,0.0005606051032506727,True
42,2,0,1,0.1,0.1,0.3859708775098596,0.03859708775098596,0.036473128095454665,0.0021239596555312976,0.05823354799655883,True
42,2,0,1,0.03,0.03,0.3859708775098596,0.011579126325295787,0.011385217253681468,0.00019390907161431943,0.01703165317742338,True
42,2,0,1,0.01,0.01,0.3859708775098596,0.003859708775098596,0.0038380937571989016,2.1615017899694316e-05,0.0056317065884990995,True
42,2,0,1,0.003,0.003,0.3859708775098596,0.0011579126325295787,0.0011559652600321435,1.947372497435214e-06,0.00168462891123654,True
42,2,0,1,0.001,0.001,0.3859708775098596,0.0003859708775098596,0.0003857544404395341,2.1643707032550138e-07,0.0005610747346910379,True
42,2,1,-1,0.1,-0.1,0.3933812494997999,-0.03933812494997999,-0.04239065057814706,0.0030525256281670674,0.07200940741732056,True
42,2,1,-1,0.03,-0.03,0.3933812494997999,-0.011801437484993998,-0.012088077838294797,0.00028664035330079954,0.02371264953247806,True
42,2,1,-1,0.01,-0.01,0.3933812494997999,-0.003933812494997999,-0.003966027483143897,3.22149881458976e-05,0.008122734469898469,True
42,2,1,-1,0.003,-0.003,0.3933812494997999,-0.0011801437484993999,-0.0011830545136879422,2.9107651885423684e-06,0.0024603812883217226,True
42,2,1,-1,0.001,-0.001,0.3933812494997999,-0.00039338124949979994,-0.00039370502906121985,3.2377956141990986e-07,0.0008223912257152376,True
42,2,1,1,0.1,0.1,0.3933812494997999,0.03933812494997999,0.03592502951326315,0.003413095436716841,0.09500605797572863,True
42,2,1,1,0.03,0.03,0.3933812494997999,0.011801437484993998,0.0115050593748669,0.00029637811012709833,0.02576067627904155,True
42,2,1,1,0.01,0.01,0.3933812494997999,0.003933812494997999,0.0039012368418371857,3.2575653160813595e-05,0.008350083443145416,True
42,2,1,1,0.003,0.003,0.3933812494997999,0.0011801437484993999,0.0011772232453330922,2.9205031663076704e-06,0.0024808405524487597,True
42,2,1,1,0.001,0.001,0.3933812494997999,0.00039338124949979994,0.00039305710927317605,3.2414022662388383e-07,0.0008246644545452179,True
42,2,2,-1,0.1,-0.1,1.0599568203337058,-0.10599568203337058,-0.10857647822259597,0.0025807961892253956,0.023769385703728812,True
42,2,2,-1,0.03,-0.03,1.0599568203337058,-0.03179870461001117,-0.03203078519861258,0.0002320805886014063,0.007245547905315132,True
42,2,2,-1,0.01,-0.01,1.0599568203337058,-0.010599568203337057,-0.010625347927718742,2.5779724381684924e-05,0.0024262475503914927,True
42,2,2,-1,0.003,-0.003,1.0599568203337058,-0.0031798704610011175,-0.003182190420103037,2.3199591019196046e-06,0.0007290447131207459,True
42,2,2,-1,0.001,-0.001,1.0599568203337058,-0.0010599568203337058,-0.0010602145867997237,2.5776646601785927e-07,0.00024312669267825476,True
42,2,2,1,0.1,0.1,1.0599568203337058,0.10599568203337058,0.10341998076423531,0.0025757012691352693,0.02490525766976354,True
42,2,2,1,0.03,0.03,1.0599568203337058,0.03179870461001117,0.03156680149250857,0.00023190311750260345,0.007346424298250131,True
42,2,2,1,0.01,0.01,1.0599568203337058,0.010599568203337057,0.010573795182718282,2.5773020618775552e-05,0.0024374427699241567,True
42,2,2,1,0.003,0.003,1.0599568203337058,0.0031798704610011175,0.003177550683302499,2.31977769861837e-06,0.000730052147022679,True
42,2,2,1,0.001,0.001,1.0599568203337058,0.0010599568203337058,0.001059699060587782,2.5775974592376e-07,0.00024323862831471108,True
123,0,0,-1,0.1,-0.1,-0.06340427026124779,0.006340427026124779,0.006768167299509242,0.00042774027338446374,0.06319883277936689,True
123,0,0,-1,0.03,-0.03,-0.06340427026124779,0.0019021281078374335,0.0019523098936452543,5.018178580782078e-05,0.025703801415524193,True
123,0,0,-1,0.01,-0.01,-0.06340427026124779,0.0006340427026124779,0.0006399888163337586,5.946113721280711e-06,0.00929096504427004,True
123,0,0,-1,0.003,-0.003,-0.06340427026124779,0.00019021281078374335,0.00019075960998338193,5.467991996385745e-07,0.002866430685647811,True
123,0,0,-1,0.001,-0.001,-0.06340427026124779,6.34042702612478e-05,6.346539531643103e-05,6.112505518323448e-08,0.0009631241541705069,True
123,0,0,1,0.1,0.1,-0.06340427026124779,-0.006340427026124779,-0.005544552434076422,0.0007958745920483568,0.1435417198252051,True
123,0,0,1,0.03,0.03,-0.06340427026124779,-0.0019021281078374335,-0.0018419735159018735,6.015459193556001e-05,0.032657685583555696,True
123,0,0,1,0.01,0.01,-0.06340427026124779,-0.0006340427026124779,-0.0006277271172809851,6.315585331492812e-06,0.010061036328729784,True
123,0,0,1,0.003,0.003,-0.06340427026124779,-0.00019021281078374335,-0.00018965603551746035,5.567752662830007e-07,0.0029357107711541408,True
123,0,0,1,0.001,0.001,-0.06340427026124779,-6.34042702612478e-05,-6.334277572100921e-05,6.149454023857896e-08,0.0009708216846926517,True
123,0,1,-1,0.1,-0.1,-0.5051035590029846,0.05051035590029847,0.05147757031811634,0.0009672144178178715,0.01878904563367636,True
123,0,1,-1,0.03,-0.03,-0.5051035590029846,0.015153106770089539,0.015262618933794325,0.00010951216370478668,0.007175188228168761,True
123,0,1,-1,0.01,-0.01,-0.5051035590029846,0.005051035590029847,0.005063904515549611,1.2868925519764207e-05,0.0025413049318461483,True
123,0,1,-1,0.003,-0.003,-0.5051035590029846,0.001515310677008954,0.0015164907931274896,1.180116118535508e-06,0.0007781887789122218,True
123,0,1,-1,0.001,-0.001,-0.5051035590029846,0.0005051035590029847,0.0005052353767488471,1.3181774586245535e-07,0.00026090363408574625,True
123,0,1,1,0.1,0.1,-0.5051035590029846,-0.05051035590029847,-0.0488562648895684,0.001654091010730066,0.033856272362794586,True
123,0,1,1,0.03,0.03,-0.5051035590029846,-0.015153106770089539,-0.015024902089760817,0.000128204680328722,0.008532813030182142,True
123,0,1,1,0.01,0.01,-0.5051035590029846,-0.005051035590029847,-0.005037473867796849,1.3561722232997842e-05,0.0026921672625825634,True
123,0,1,1,0.003,0.003,-0.5051035590029846,-0.001515310677008954,-0.0015141118539001575,1.198823108796614e-06,0.0007917665433426202,True
123,0,1,1,0.001,0.001,-0.5051035590029846,-0.0005051035590029847,-0.0005049710484003045,1.325106026801642e-07,0.0002624122770997346,True
123,0,2,-1,0.1,-0.1,-0.03268352126018681,0.003268352126018681,0.007197307784308604,0.003928955658289923,0.5458924053318571,True
123,0,2,-1,0.03,-0.03,-0.03268352126018681,0.0009805056378056043,0.0013283979509177146,0.0003478923131121103,0.26188862522090706,True
123,0,2,-1,0.01,-0.01,-0.03268352126018681,0.0003268352126018681,0.00036529049344946607,3.8455280847597955e-05,0.10527314982785836,True
123,0,2,-1,0.003,-0.003,-0.03268352126018681,9.805056378056043e-05,0.00010150510962159132,3.4545458410308873e-06,0.0340332211246247,True
123,0,2,-1,0.001,-0.001,-0.03268352126018681,3.268352126018681e-05,3.306715408479821e-05,3.8363282461140413e-07,0.01160162811796887,True
123,0,2,1,0.1,0.1,-0.03268352126018681,-0.003268352126018681,0.0004569628195164599,0.003725314945535141,8.152337097090575,False
123,0,2,1,0.03,0.03,-0.03268352126018681,-0.0009805056378056043,-0.0006381758218654277,0.0003423298159401767,0.5364192816636728,True
123,0,2,1,0.01,0.01,-0.03268352126018681,-0.0003268352126018681,-0.00028858616000604354,3.824905259582458e-05,0.13253945579033857,True
123,0,2,1,0.003,0.003,-0.03268352126018681,-9.805056378056043e-05,-9.460158674695629e-05,3.448977033604139e-06,0.03645791949377748,True
123,0,2,1,0.001,0.001,-0.03268352126018681,-3.268352126018681e-05,-3.230009468990769e-05,3.834265702791194e-07,0.011870756849481398,True
123,1,0,-1,0.1,-0.1,-0.642773605690799,0.0642773605690799,0.06116032273980804,0.0031170378292718626,0.050965032387624155,True
123,1,0,-1,0.03,-0.03,-0.642773605690799,0.01928320817072397,0.01901685192955571,0.0002663562411682578,0.014006326712482357,True
123,1,0,-1,0.01,-0.01,-0.642773605690799,0.00642773605690799,0.0063986479747749625,2.908808213302784e-05,0.004545973188039127,True
123,1,0,-1,0.003,-0.003,-0.642773605690799,0.001928320817072397,0.0019257193966171204,2.601420455276577e-06,0.0013508824078141651,True
123,1,0,-1,0.001,-0.001,-0.642773605690799,0.000642773605690799,0.0006424850886376232,2.885170531757549e-07,0.00044906420129928545,True
123,1,0,1,0.1,0.1,-0.642773605690799,-0.0642773605690799,-0.06686338441080508,0.0025860238417251824,0.03867623310595212,True
123,1,0,1,0.03,0.03,-0.642773605690799,-0.01928320817072397,-0.019535198785817776,0.0002519906150938063,0.012899311537937726,True
123,1,0,1,0.01,0.01,-0.642773605690799,-0.00642773605690799,-0.006456291987617213,2.8555930709222785e-05,0.004422961471381929,True
123,1,0,1,0.003,0.003,-0.642773605690799,-0.001928320817072397,-0.0019309078691586712,2.5870520862741712e-06,0.001339811250239191,True
123,1,0,1,0.001,0.001,-0.642773605690799,-0.000642773605690799,-0.000643061590581806,2.8798489100703966e-07,0.00044783407254425986,True
123,1,1,-1,0.1,-0.1,-0.43454855418835514,0.043454855418835515,0.03960544965934787,0.0038494057594876466,0.09719384055974457,True
123,1,1,-1,0.03,-0.03,-0.43454855418835514,0.013036456625650653,0.012640735741348053,0.00039572088430260034,0.03130520979156228,True
123,1,1,-1,0.01,-0.01,-0.43454855418835514,0.0043454855418835515,0.004299747300182455,4.5738241701096666e-05,0.010637425529438862,True
123,1,1,-1,0.003,-0.003,-0.43454855418835514,0.0013036456625650655,0.0012994714431728283,4.174219392237251e-06,0.0032122440351943036,True
123,1,1,-1,0.001,-0.001,-0.43454855418835514,0.00043454855418835513,0.0004340828958633858,4.6565832496935685e-07,0.0010727405511870443,True
123,1,1,1,0.1,0.1,-0.43454855418835514,-0.043454855418835515,-0.049180603590730954,0.005725748171895438,0.11642289345498329,True
123,1,1,1,0.03,0.03,-0.43454855418835514,-0.013036456625650653,-0.013482585351944687,0.0004461287262940341,0.033089256596449866,True
123,1,1,1,0.01,0.01,-0.43454855418835514,-0.0043454855418835515,-0.004393089871251921,4.7604329368369086e-05,0.010836183816745603,True
123,1,1,1,0.003,0.003,-0.43454855418835514,-0.0013036456625650655,-0.0013078702636419859,4.2246010769203795e-06,0.0032301377241778276,True
123,1,1,1,0.001,0.001,-0.43454855418835514,-0.00043454855418835513,-0.0004350160784926116,4.675243042564581e-07,0.0010747287913506366,True
123,1,2,-1,0.1,-0.1,-1.0794019144350404,0.10794019144350404,0.1087211400076093,0.0007809485641052522,0.007183042452006981,True
123,1,2,-1,0.03,-0.03,-1.0794019144350404,0.03238205743305121,0.032470989020451424,8.893158740021223e-05,0.0027388013141268915,True
123,1,2,-1,0.01,-0.01,-1.0794019144350404,0.010794019144350405,0.01080456671338026,1.0547569029854126e-05,0.0009762139759655637,True
123,1,2,-1,0.003,-0.003,-1.0794019144350404,0.003238205743305121,0.0032391767211094047,9.709778042835994e-07,0.0002997606762100474,True
123,1,2,-1,0.001,-0.001,-1.0794019144350404,0.0010794019144350405,0.0010795104971335068,1.0858269846626689e-07,0.0001005851251605181,True
123,1,2,1,0.1,0.1,-1.0794019144350404,-0.10794019144350404,-0.10646030181658817,0.0014798896269158784,0.013900858833421875,True
123,1,2,1,0.03,0.03,-1.0794019144350404,-0.03238205743305121,-0.032274238103125685,0.00010781932992552645,0.003340724251367669,True
123,1,2,1,0.01,0.01,-1.0794019144350404,-0.010794019144350405,-0.010782771977845829,1.1247166504576439e-05,0.0010430681950508414,True
123,1,2,1,0.003,0.003,-1.0794019144350404,-0.003238205743305121,-0.003237215876211841,9.898670932802743e-07,0.0003057772886121538,True
123,1,2,1,0.001,0.001,-1.0794019144350404,-0.0010794019144350405,-0.0010792926321339102,1.0928230113026183e-07,0.00010125363397894755,True
123,2,0,-1,0.1,-0.1,-0.31029431486202386,0.031029431486202387,0.024352253685730796,0.006677177800471591,0.2741913699915209,True
123,2,0,-1,0.03,-0.03,-0.31029431486202386,0.009308829445860716,0.008665657846484098,0.0006431715993766175,0.07422074708818215,True
123,2,0,-1,0.01,-0.01,-0.31029431486202386,0.0031029431486202384,0.0030301520593057907,7.279108931444777e-05,0.024022256272882965,True
123,2,0,-1,0.003,-0.003,-0.31029431486202386,0.0009308829445860716,0.0009242901829256689,6.5927616604027515e-06,0.007132783385770245,True
123,2,0,-1,0.001,-0.001,-0.31029431486202386,0.00031029431486202384,0.00030956046946262195,7.33845399401899e-07,0.0023706043626171317,True
123,2,0,1,0.1,0.1,-0.31029431486202386,-0.031029431486202387,-0.03900357357929585,0.00797414209309346,0.2044464483973938,True
123,2,0,1,0.03,0.03,-0.31029431486202386,-0.009308829445860716,-0.009987458332892052,0.0006786288870313361,0.06794810695694053,True
123,2,0,1,0.01,0.01,-0.31029431486202386,-0.0031029431486202384,-0.003177048906597202,7.41057579769634e-05,0.023325343787777834,True
123,2,0,1,0.003,0.003,-0.31029431486202386,-0.0009308829445860716,-0.0009375112067115943,6.628262125522627e-06,0.007070061752938249,True
123,2,0,1,0.001,0.001,-0.31029431486202386,-0.00031029431486202384,-0.00031102947510819323,7.351602461693873e-07,0.002363635298274088,True
123,2,1,-1,0.1,-0.1,0.22148077824642845,-0.022148077824642846,-0.024154826571418653,0.002006748746775807,0.08307858228012718,True
123,2,1,-1,0.03,-0.03,0.22148077824642845,-0.006644423347392853,-0.006842145608895178,0.000197722261502325,0.0288976985881848,True
123,2,1,-1,0.01,-0.01,0.22148077824642845,-0.0022148077824642844,-0.002237327098904396,2.2519316440111452e-05,0.01006527675418539,True
123,2,1,-1,0.003,-0.003,0.22148077824642845,-0.0006644423347392853,-0.0006664864516491287,2.044116909843334e-06,0.0030670044451548096,True
123,2,1,-1,0.001,-0.001,0.22148077824642845,-0.00022148077824642846,-0.0002217084544923198,2.276762458913392e-07,0.0010269172928596014,True
123,2,1,1,0.1,0.1,0.22148077824642845,0.022148077824642846,0.019591321948113083,0.002556755876529763,0.13050451027762391,True
123,2,1,1,0.03,0.03,0.22148077824642845,0.006644423347392853,0.006431793719835377,0.00021262962755747624,0.03305914909891086,True
123,2,1,1,0.01,0.01,0.22148077824642845,0.0022148077824642844,0.00219173615537821,2.3071627086074416e-05,0.010526644381651464,True
123,2,1,1,0.003,0.003,0.22148077824642845,0.0006644423347392853,0.0006623833048702288,2.059029869056557e-06,0.0031085171590487974,True
123,2,1,1,0.001,0.001,0.22148077824642845,0.00022148077824642846,0.00022125254966731678,2.2822857911167812e-07,0.0010315297132387888,True
123,2,2,-1,0.1,-0.1,2.34002508285893,-0.23400250828589303,-0.22857808164056903,0.005424426645323999,0.023731175825745698,True
123,2,2,-1,0.03,-0.03,2.34002508285893,-0.0702007524857679,-0.06971251619826974,0.00048823628749816717,0.007003567137206348,True
123,2,2,-1,0.01,-0.01,2.34002508285893,-0.023400250828589302,-0.023345898839974955,5.435198861434773e-05,0.002328117198952364,True
123,2,2,-1,0.003,-0.003,2.34002508285893,-0.007020075248576791,-0.007015179303456354,4.895945120437194e-06,0.0006979073390219661,True
123,2,2,-1,0.001,-0.001,2.34002508285893,-0.00234002508285893,-0.0023394809427867425,5.441400721876814e-07,0.00023259008536291505,True
123,2,2,1,0.1,0.1,2.34002508285893,0.23400250828589303,0.23958115846396827,0.0055786501780752396,0.023285012117988564,True
123,2,2,1,0.03,0.03,2.34002508285893,0.0702007524857679,0.07069307256007595,0.0004923200743080502,0.006964191206849438,True
123,2,2,1,0.01,0.01,2.34002508285893,0.023400250828589302,0.02345475380693901,5.4502978349708214e-05,0.0023237497523245667,True
123,2,2,1,0.003,0.003,2.34002508285893,0.007020075248576791,0.007024975269616152,4.900021039360748e-06,0.0006975143472111451,True
123,2,2,1,0.001,0.001,2.34002508285893,0.00234002508285893,0.0023405693738886013,5.442910296711741e-07,0.00023254642043226163,True
999,0,0,-1,0.1,-0.1,0.10790011510329833,-0.010790011510329834,-0.012691844896355775,0.0019018333860259407,0.1498468821165642,True
999,0,0,-1,0.03,-0.03,0.10790011510329833,-0.00323700345309895,-0.0034137940737895,0.0001767906206905502,0.05178713679536705,True
999,0,0,-1,0.01,-0.01,0.10790011510329833,-0.0010790011510329834,-0.0010988206264053169,1.9819475372333424e-05,0.01803704344099444,True
999,0,0,-1,0.003,-0.003,0.10790011510329833,-0.000323700345309895,-0.0003254896121132056,1.7892668033105976e-06,0.005497154860623597,True
999,0,0,-1,0.001,-0.001,0.10790011510329833,-0.00010790011510329833,-0.00010809909720332911,1.989821000307761e-07,0.0018407378523846549,True
999,0,0,1,0.1,0.1,0.10790011510329833,0.010790011510329834,0.008714805962992678,0.0020752055473371566,0.23812412532757388,True
999,0,0,1,0.03,0.03,0.10790011510329833,0.00323700345309895,0.00305550386153719,0.00018149959156175998,0.059400871275760575,True
999,0,0,1,0.01,0.01,0.10790011510329833,0.0010790011510329834,0.001059007178560556,1.9993972472427506e-05,0.018879921569185297,True
999,0,0,1,0.003,0.003,0.10790011510329833,0.000323700345309895,0.0003219063668065125,1.793978503382475e-06,0.005572982358751473,True
999,0,0,1,0.001,0.001,0.10790011510329833,0.00010790011510329833,0.00010770095849421679,1.9915660908154066e-07,0.0018491628288733824,True
999,0,1,-1,0.1,-0.1,0.46907878233627687,-0.04690787823362769,-0.04748309705431231,0.0005752188206846198,0.012114180758400631,True
999,0,1,-1,0.03,-0.03,0.46907878233627687,-0.014072363470088306,-0.014130048085825297,5.768461573699146e-05,0.004082407603046898,True
999,0,1,-1,0.01,-0.01,0.46907878233627687,-0.004690787823362769,-0.004697389493518944,6.601670156175521e-06,0.001405391263654832,True
999,0,1,-1,0.003,-0.003,0.46907878233627687,-0.0014072363470088306,-0.0014078365936103232,6.002466014926044e-07,0.0004263609883539847,True
999,0,1,-1,0.001,-0.001,0.46907878233627687,-0.00046907878233627687,-0.00046914567034894716,6.688801267029643e-08,0.00014257408071259743,True
999,0,1,1,0.1,0.1,0.46907878233627687,0.04690787823362769,0.0461388787162611,0.0007689995173665864,0.016667061245585965,True
999,0,1,1,0.03,0.03,0.46907878233627687,0.014072363470088306,0.014009438257166718,6.292521292158848e-05,0.0044916299830507645,True
999,0,1,1,0.01,0.01,0.46907878233627687,0.004690787823362769,0.004683992029188566,6.795794174202507e-06,0.001450855196134862,True
999,0,1,1,0.003,0.003,0.46907878233627687,0.0014072363470088306,0.0014066308589733012,6.054880355294001e-07,0.00043045268889617947,True
999,0,1,1,0.001,0.001,0.46907878233627687,0.00046907878233627687,0.00046901170019708616,6.70821391907106e-08,0.00014302871157056767,True
999,0,2,-1,0.1,-0.1,0.4710565906067986,-0.047105659060679865,-0.04889836000908465,0.0017927009484047865,0.03666178064196278,True
999,0,2,-1,0.03,-0.03,0.4710565906067986,-0.014131697718203958,-0.014280536484522433,0.00014883876631847405,0.010422491233420317,True
999,0,2,-1,0.01,-0.01,0.4710565906067986,-0.004710565906067986,-0.0047267020473382715,1.613614127028533e-05,0.0034138266192115935,True
999,0,2,-1,0.003,-0.003,0.4710565906067986,-0.001413169771820396,-0.0014146093438247576,1.4395720043616257e-06,0.0010176463280451515,True
999,0,2,-1,0.001,-0.001,0.4710565906067986,-0.0004710565906067986,-0.00047121614016498725,1.5954955818862524e-07,0.0003385910298674448,True
999,0,2,1,0.1,0.1,0.4710565906067986,0.047105659060679865,0.04571484237896195,0.0013908166817179143,0.03042374444143267,True
999,0,2,1,0.03,0.03,0.4710565906067986,0.014131697718203958,0.013993737886226043,0.00013795983197791538,0.00985868344109178,True
999,0,2,1,0.01,0.01,0.4710565906067986,0.004710565906067986,0.004694832779502445,1.5733126565541447e-05,0.0033511580293619815,True
999,0,2,1,0.003,0.003,0.4710565906067986,0.001413169771820396,0.001411741081493556,1.4286903268398952e-06,0.0010120059163599658,True
999,0,2,1,0.001,0.001,0.4710565906067986,0.0004710565906067986,0.00047089744407502465,1.5914653177397488e-07,0.000337964314260791,True
999,1,0,-1,0.1,-0.1,-0.01481013829512473,0.0014810138295124732,0.0017810579587007602,0.000300044129188287,0.16846398946340976,True
999,1,0,-1,0.03,-0.03,-0.01481013829512473,0.0004443041488537419,0.0004713059559118271,2.7001807058085205e-05,0.05729146156416652,True
999,1,0,-1,0.01,-0.01,-0.01481013829512473,0.0001481013829512473,0.00015110099462534166,2.9996116740943534e-06,0.019851700391065978,True
999,1,0,-1,0.003,-0.003,-0.01481013829512473,4.443041488537419e-05,4.47003563466275e-05,2.699414612533104e-07,0.006038910722770482,True
999,1,0,-1,0.001,-0.001,-0.01481013829512473,1.481013829512473e-05,1.4840130988513778e-05,2.999269338904752e-08,0.002021053143820751,True
999,1,0,1,0.1,0.1,-0.01481013829512473,-0.0014810138295124732,-0.0011818101611700271,0.0002992036683424461,0.25317405296822426,True
999,1,0,1,0.03,0.03,-0.01481013829512473,-0.0004443041488537419,-0.00041732468870003814,2.697946015370377e-05,0.06464860786871847,True
999,1,0,1,0.01,0.01,-0.01481013829512473,-0.0001481013829512473,-0.00014510259781497226,2.9987851362750463e-06,0.020666653674243314,True
999,1,0,1,0.003,0.003,-0.01481013829512473,-4.443041488537419e-05,-4.416049573796599e-05,2.699191474082028e-07,0.006112230918099633,True
999,1,0,1,0.001,0.001,-0.01481013829512473,-1.481013829512473e-05,-1.4780146428083896e-05,2.9991867040834574e-08,0.002029199587890871,True
999,1,1,-1,0.1,-0.1,-0.03637558081790902,0.0036375580817909025,0.003419984444976265,0.00021757363681463747,0.0636183118125695,True
999,1,1,-1,0.03,-0.03,-0.03637558081790902,0.0010912674245372707,0.0010716367028580365,1.963072167923425e-05,0.01831844843208473,True
999,1,1,-1,0.01,-0.01,-0.03637558081790902,0.0003637558081790902,0.00036157304125605805,2.1827669230321746e-06,0.006036863023442025,True
999,1,1,-1,0.003,-0.003,-0.03637558081790902,0.00010912674245372708,0.00010893024360436598,1.9649884936109364e-07,0.001803896171156803,True
999,1,1,-1,0.001,-0.001,-0.03637558081790902,3.6375580817909024e-05,3.635374602906083e-05,2.183478884819416e-08,0.0006006200524903167,True
999,1,1,1,0.1,0.1,-0.03637558081790902,-0.0036375580817909025,-0.0038567206787596398,0.0002191625969687372,0.056826152377522476,True
999,1,1,1,0.03,0.03,-0.03637558081790902,-0.0010912674245372707,-0.0011109409487004562,1.967352416318551e-05,0.017708883794587803,True
999,1,1,1,0.01,0.01,-0.03637558081790902,-0.0003637558081790902,-0.0003659401600555334,2.1843518764432033e-06,0.005969150464687221,True
999,1,1,1,0.003,0.003,-0.03637558081790902,-0.00010912674245372708,-0.00010932328409518632,1.9654164145924634e-07,0.0017978022073332535,True
999,1,1,1,0.001,0.001,-0.03637558081790902,-3.6375580817909024e-05,-3.639741719263512e-05,2.183637472609397e-08,0.0005999429742644619,True
999,1,2,-1,0.1,-0.1,0.19706829838395357,-0.01970682983839536,-0.02073716007027704,0.00103033023188168,0.04968521380892804,True
999,1,2,-1,0.03,-0.03,0.19706829838395357,-0.005912048951518607,-0.006005479339861175,9.343038834256842e-05,0.015557523896956442,True
999,1,2,-1,0.01,-0.01,0.19706829838395357,-0.0019706829838395355,-0.001981065145659766,1.0382161820230579e-05,0.0052406968256326295,True
999,1,2,-1,0.003,-0.003,0.19706829838395357,-0.0005912048951518607,-0.0005921391210974569,9.342259455961781e-07,0.0015777136019398707,True
999,1,2,-1,0.001,-0.001,0.19706829838395357,-0.00019706829838395356,-0.0001971720937974375,1.0379541348393443e-07,0.0005264204050628355,True
999,1,2,1,0.1,0.1,0.19706829838395357,0.01970682983839536,0.018684708915517323,0.0010221209228780358,0.054703604294802914,True
999,1,2,1,0.03,0.03,0.19706829838395357,0.005912048951518607,0.005818845113338078,9.320383818052849e-05,0.016017583620998043,True
999,1,2,1,0.01,0.01,0.19706829838395357,0.0019706829838395355,0.001960309228887347,1.037375495218859e-05,0.005291897216683838,True
999,1,2,1,0.003,0.003,0.19706829838395357,0.0005912048951518607,0.0005902708962408632,9.339989109975917e-07,0.0015823224843809147,True
999,1,2,1,0.001,0.001,0.19706829838395357,0.00019706829838395356,0.00019696451137773963,1.0378700621393707e-07,0.0005269325194064721,True
999,2,0,-1,0.1,-0.1,-0.659683262189982,0.0659683262189982,0.07099209502976889,0.005023768810770685,0.07076518602055741,True
999,2,0,-1,0.03,-0.03,-0.659683262189982,0.019790497865699457,0.020249043939541966,0.00045854607384250914,0.022645319710481178,True
999,2,0,-1,0.01,-0.01,-0.659683262189982,0.00659683262189982,0.006647900518252481,5.1067896352660624e-05,0.007681808145661712,True
999,2,0,-1,0.003,-0.003,-0.659683262189982,0.001979049786569946,0.001983648850501396,4.599063931450074e-06,0.002318486928917683,True
999,2,0,-1,0.001,-0.001,-0.659683262189982,0.000659683262189982,0.0006601943549608968,5.110927709148878e-07,0.000774155015222994,True
999,2,0,1,0.1,0.1,-0.659683262189982,-0.0659683262189982,-0.06085828080842637,0.005110045410571834,0.08396631226993687,True
999,2,0,1,0.03,0.03,-0.659683262189982,-0.019790497865699457,-0.019329725043330637,0.00046077282236882053,0.023837525952176006,True
999,2,0,1,0.01,0.01,-0.659683262189982,-0.00659683262189982,-0.00654568259200472,5.115002989510009e-05,0.007814315646404507,True
999,2,0,1,0.003,0.003,-0.659683262189982,-0.001979049786569946,-0.0019744485060742,4.6012804957458985e-06,0.0023304130148699767,True
999,2,0,1,0.001,0.001,-0.659683262189982,-0.000659683262189982,-0.0006591720873276863,5.111748622956729e-07,0.0007754801395914671,True
999,2,1,-1,0.1,-0.1,-0.8199190838808508,0.08199190838808508,0.07873143230585056,0.003260476082234523,0.04141263516670757,True
999,2,1,-1,0.03,-0.03,-0.8199190838808508,0.024597572516425522,0.02430205701846333,0.000295515497962192,0.012160102238986436,True
999,2,1,-1,0.01,-0.01,-0.8199190838808508,0.008199190838808507,0.008166301440599266,3.288939820924111e-05,0.0040274533641055,True
999,2,1,-1,0.003,-0.003,-0.8199190838808508,0.002459757251642552,0.0024567956058825224,2.96164576002976e-06,0.0012054913127239526,True
999,2,1,-1,0.001,-0.001,-0.8199190838808508,0.0008199190838808508,0.0008195899625316194,3.291213492314206e-07,0.0004015683015624087,True
999,2,1,1,0.1,0.1,-0.8199190838808508,-0.08199190838808508,-0.08530113114978866,0.0033092227617035758,0.0387945941290343,True
999,2,1,1,0.03,0.03,-0.8199190838808508,-0.024597572516425522,-0.02489441200030873,0.00029683948388320794,0.011923940355752394,True
999,2,1,1,0.01,0.01,-0.8199190838808508,-0.008199190838808507,-0.0082321292996137,3.293846080519233e-05,0.004001207902156979,True
999,2,1,1,0.003,0.003,-0.8199190838808508,-0.002459757251642552,-0.002462720222172976,2.962970530423839e-06,0.0012031291673925788,True
999,2,1,1,0.001,0.001,-0.8199190838808508,-0.0008199190838808508,-0.00082024825429583,3.2917041497919613e-07,0.00040130584034193847,True
999,2,2,-1,0.1,-0.1,-0.14987921746032423,0.014987921746032425,0.01072213675509115,0.004265784990941275,0.39784840357643914,True
999,2,2,-1,0.03,-0.03,-0.14987921746032423,0.004496376523809727,0.004098129676811002,0.00039824684699872517,0.0971777074923175,True
999,2,2,-1,0.01,-0.01,-0.14987921746032423,0.0014987921746032423,0.0014540846508181993,4.4707523785043066e-05,0.03074616306546292,True
999,2,2,-1,0.003,-0.003,-0.14987921746032423,0.0004496376523809727,0.00044559953886080805,4.038113520164668e-06,0.009062203094931958,True
999,2,2,-1,0.001,-0.001,-0.14987921746032423,0.00014987921746032422,0.00014943007979573153,4.4913766459269257e-07,0.0030056710483368303,True
999,2,2,1,0.1,0.1,-0.14987921746032423,-0.014987921746032425,-0.01970994054406061,0.004722018798028187,0.2395754968145309,True
999,2,2,1,0.03,0.03,-0.14987921746032423,-0.004496376523809727,-0.004906995256336533,0.00041061873252680545,0.0836802790865882,True
999,2,2,1,0.01,0.01,-0.14987921746032423,-0.0014987921746032423,-0.0015439580903633399,4.516591576009753e-05,0.02925333015319647,True
999,2,2,1,0.003,0.003,-0.14987921746032423,-0.0004496376523809727,-0.00045368814301927074,4.050490638298019e-06,0.008927918220084432,True
999,2,2,1,0.001,0.001,-0.14987921746032423,-0.00014987921746032422,-0.00015032881353826966,4.495960779454344e-07,0.002990751189764292,True
