seed,source,destination,alpha,destination_specific_delta,source_broadcast_delta,absolute_difference,distinct
42,0,0,0.1,0.011208811674388919,-0.12071711084047632,0.13192592251486523,True
42,0,1,0.1,-0.09197583147663924,-0.12071711084047632,0.02874127936383708,True
42,0,2,0.1,-0.03995009103823044,-0.12071711084047632,0.08076701980224588,True
42,1,0,0.1,0.08076380155374796,-0.10729624408387961,0.18806004563762757,True
42,1,1,0.1,-0.13641212854927298,-0.10729624408387961,0.02911588446539337,True
42,1,2,0.1,-0.05164791708835592,-0.10729624408387961,0.05564832699552369,True
42,2,0,0.1,0.036473128095454665,0.17581813837295446,0.1393450102774998,True
42,2,1,0.1,0.03592502951326315,0.17581813837295446,0.1398931088596913,True
42,2,2,0.1,0.10341998076423531,0.17581813837295446,0.07239815760871915,True
123,0,0,0.1,-0.005544552434076422,-0.05394385450412925,0.04839930207005283,True
123,0,1,0.1,-0.0488562648895684,-0.05394385450412925,0.00508758961456085,True
123,0,2,0.1,0.0004569628195164599,-0.05394385450412925,0.05440081732364571,True
123,1,0,0.1,-0.06686338441080508,-0.22250428981812398,0.1556409054073189,True
123,1,1,0.1,-0.049180603590730954,-0.22250428981812398,0.17332368622739303,True
123,1,2,0.1,-0.10646030181658817,-0.22250428981812398,0.11604398800153581,True
123,2,0,0.1,-0.03900357357929585,0.22016890683278464,0.2591724804120805,True
123,2,1,0.1,0.019591321948113083,0.22016890683278464,0.20057758488467156,True
123,2,2,0.1,0.23958115846396827,0.22016890683278464,0.019412251631183625,True
999,0,0,0.1,0.008714805962992678,0.10056852705821662,0.09185372109522394,True
999,0,1,0.1,0.0461388787162611,0.10056852705821662,0.05442964834195552,True
999,0,2,0.1,0.04571484237896195,0.10056852705821662,0.054853684679254666,True
999,1,0,0.1,-0.0011818101611700271,0.013646178075587212,0.014827988236757239,True
999,1,1,0.1,-0.0038567206787596398,0.013646178075587212,0.01750289875434685,True
999,1,2,0.1,0.018684708915517323,0.013646178075587212,0.005038530839930111,True
999,2,0,0.1,-0.06085828080842637,-0.1658693525022774,0.10501107169385104,True
999,2,1,0.1,-0.08530113114978866,-0.1658693525022774,0.08056822135248876,True
999,2,2,0.1,-0.01970994054406061,-0.1658693525022774,0.1461594119582168,True
