seed,source,destination,sign,linear_effect_full,taylor_error_slope,smallest_epsilon,smallest_relative_error,smallest_absolute_error,small_epsilon_sign_agreement
42,0,0,-1,0.1517990487636624,1.9726354380159823,0.001,0.0024342533890795545,3.7041904272212367e-07,True
42,0,0,1,0.1517990487636624,2.018462028327774,0.001,0.0024503068543734567,3.710450753814838e-07,True
42,0,1,-1,-0.8877323541892942,1.9976926307362652,0.001,0.0003585747078170009,3.182042695201552e-07,True
42,0,1,1,-0.8877323541892942,2.001709137392256,0.001,0.0003583717145625985,3.1825221843669385e-07,True
42,0,2,-1,-0.38857297567899496,1.9913751666452575,0.001,0.0002695998508063921,1.0473098081365071e-07,True
42,0,2,1,-0.38857297567899496,2.0112903210792656,0.001,0.0002696548028506139,1.0480883135455168e-07,True
42,1,0,-1,0.8261051104508847,1.968180559503229,0.001,0.00020186661558033503,1.6679671344837273e-07,True
42,1,0,1,0.8261051104508847,2.02702275155689,0.001,0.00020238883069964185,1.6716061589756252e-07,True
42,1,1,-1,-1.2349411247422595,1.9915593651994468,0.001,0.0010207761137229503,1.259312925437064e-06,True
42,1,1,1,-1.2349411247422595,2.0067625942136513,0.001,0.0010192785593771776,1.2600333355059033e-06,True
42,1,2,-1,-0.5368403364665191,1.9567645428807021,0.001,0.00033703940922248063,1.8099735309042974e-07,True
42,1,2,1,-0.5368403364665191,2.031243479240922,0.001,0.00033819380674188616,1.8149469661985374e-07,True
42,2,0,-1,0.3859708775098596,2.0025622408097346,0.001,0.0005606051032506727,2.1649861386594752e-07,True
42,2,0,1,0.3859708775098596,1.9949180394706438,0.001,0.0005610747346910379,2.1643707032550138e-07,True
42,2,1,-1,0.3933812494997999,1.9840582880858406,0.001,0.0008223912257152376,3.2377956141990986e-07,True
42,2,1,1,0.3933812494997999,2.0139976072033265,0.001,0.0008246644545452179,3.2414022662388383e-07,True
42,2,2,-1,1.0599568203337058,2.0003305928518205,0.001,0.00024312669267825476,2.5776646601785927e-07,True
42,2,2,1,1.0599568203337058,1.9997966424236708,0.001,0.00024323862831471108,2.5775974592376e-07,True
123,0,0,-1,-0.06340427026124779,1.9036359131655023,0.001,0.0009631241541705069,6.112505518323448e-08,True
123,0,0,1,-0.06340427026124779,2.0700317435269504,0.001,0.0009708216846926517,6.149454023857896e-08,True
123,0,1,-1,-0.5051035590029846,1.9164177649145326,0.001,0.00026090363408574625,1.3181774586245535e-07,True
123,0,1,1,-0.5051035590029846,2.060235000217605,0.001,0.0002624122770997346,1.325106026801642e-07,True
123,0,2,-1,-0.03268352126018681,2.0064773413848638,0.001,0.01160162811796887,3.8363282461140413e-07,True
123,0,2,1,-0.03268352126018681,1.992201144451324,0.001,0.011870756849481398,3.834265702791194e-07,True
123,1,0,-1,-0.642773605690799,2.0210034997761777,0.001,0.00044906420129928545,2.885170531757549e-07,True
123,1,0,1,-0.642773605690799,1.970933162832363,0.001,0.00044783407254425986,2.8798489100703966e-07,True
123,1,1,-1,-0.43454855418835514,1.9483922237458906,0.001,0.0010727405511870443,4.6565832496935685e-07,True
123,1,1,1,-0.43454855418835514,2.0548889282347518,0.001,0.0010747287913506366,4.675243042564581e-07,True
123,1,2,-1,-1.0794019144350404,1.9107711165291457,0.001,0.0001005851251605181,1.0858269846626689e-07,True
123,1,2,1,-1.0794019144350404,2.082208805848464,0.001,0.00010125363397894755,1.0928230113026183e-07,True
123,2,0,-1,-0.31029431486202386,1.9744454699167964,0.001,0.0023706043626171317,7.33845399401899e-07,True
123,2,0,1,-0.31029431486202386,2.0220576892495252,0.001,0.002363635298274088,7.351602461693873e-07,True
123,2,1,-1,0.22148077824642845,1.96583529023554,0.001,0.0010269172928596014,2.276762458913392e-07,True
123,2,1,1,0.22148077824642845,2.030793031647046,0.001,0.0010315297132387888,2.2822857911167812e-07,True
123,2,2,-1,2.34002508285893,1.999103320959433,0.001,0.00023259008536291505,5.441400721876814e-07,True
123,2,2,1,2.34002508285893,2.006619509138961,0.001,0.00023254642043226163,5.442910296711741e-07,True
999,0,0,-1,0.10790011510329833,1.9877572473496212,0.001,0.0018407378523846549,1.989821000307761e-07,True
999,0,0,1,0.10790011510329833,2.011155648493626,0.001,0.0018491628288733824,1.9915660908154066e-07,True
999,0,1,-1,0.46907878233627687,1.9591740500587025,0.001,0.00014257408071259743,6.688801267029643e-08,True
999,0,1,1,0.46907878233627687,2.037031324960072,0.001,0.00014302871157056767,6.70821391907106e-08,True
999,0,2,-1,0.4710565906067986,2.031608655555202,0.001,0.0003385910298674448,1.5954955818862524e-07,True
999,0,2,1,0.4710565906067986,1.9635440444985879,0.001,0.000337964314260791,1.5914653177397488e-07,True
999,1,0,-1,-0.01481013829512473,2.0001104835769534,0.001,0.002021053143820751,2.999269338904752e-08,True
999,1,0,1,-0.01481013829512473,1.999358567163222,0.001,0.002029199587890871,2.9991867040834574e-08,True
999,1,1,-1,-0.03637558081790902,1.9990375976642247,0.001,0.0006006200524903167,2.183478884819416e-08,True
999,1,1,1,-0.03637558081790902,2.00098884229632,0.001,0.0005999429742644619,2.183637472609397e-08,True
999,1,2,-1,0.19706829838395357,1.9980589264641184,0.001,0.0005264204050628355,1.0379541348393443e-07,True
999,1,2,1,0.19706829838395357,1.9959130273527212,0.001,0.0005269325194064721,1.0378700621393707e-07,True
999,2,0,-1,-0.659683262189982,1.9953879937793981,0.001,0.000774155015222994,5.110927709148878e-07,True
999,2,0,1,-0.659683262189982,1.999948214945682,0.001,0.0007754801395914671,5.111748622956729e-07,True
999,2,1,-1,-0.8199190838808508,1.997467898976481,0.001,0.0004015683015624087,3.291213492314206e-07,True
999,2,1,1,-0.8199190838808508,2.0014480105519663,0.001,0.00040130584034193847,3.2917041497919613e-07,True
999,2,2,-1,-0.14987921746032423,1.986045031414767,0.001,0.0030056710483368303,4.4913766459269257e-07,True
999,2,2,1,-0.14987921746032423,2.0132964957818693,0.001,0.002990751189764292,4.495960779454344e-07,True
