seed,kv_head,source_position,autograd_derivative,finite_difference,absolute_error,relative_error,sign_agreement,symmetry_error
1,0,3,0.00032031593260797446,0.0003203210838954862,5.151287511731117e-09,1.6081895988719457e-05,True,5.910670641817717e-08
1,1,1,0.0002217875644032409,0.00022178123131398608,6.333089254813252e-09,2.8554753607820897e-05,True,5.2068863998222525e-08
2,0,3,-0.00013359763206331835,-0.00013357235559115915,2.5276472159199617e-08,0.00018919850426106263,True,5.109532733721389e-08
2,0,5,-0.00012846080225825703,-0.00012843745048361777,2.3351774639267025e-08,0.00018178132339793986,True,1.0338865069625669e-08
3,0,1,0.000233942558074297,0.00023390367094547337,3.888712882363669e-08,0.00016622511587347291,True,6.144520567352707e-08
3,0,3,0.0003531604968060118,0.0003531644201760359,3.923370024098028e-09,1.1109311657393843e-05,True,3.413188910672549e-08
3,1,5,0.0001289683207649477,0.00012900415580580082,3.583504085312374e-08,0.0002778592497799145,True,4.020245727986982e-08
4,0,1,0.00010033618989976473,0.00010027475414023379,6.143575953094203e-08,0.000612299107553476,True,6.604078645056077e-09
4,1,5,0.00017391153198594646,0.00017397636933841332,6.483735246685636e-08,0.0003728180168759354,True,2.7532313040534717e-08
5,0,3,-0.00010688668393352179,-0.00010678996429147602,9.671964204576366e-08,0.0009048801823239131,True,4.474552067756932e-08
6,0,1,-0.000262007618272254,-0.00026199385318309565,1.3765089158356697e-08,5.253698060051557e-05,True,3.057515202131711e-08
6,1,5,-0.00020753542337742463,-0.0002074561143637632,7.930901366141733e-08,0.0003821468757995385,True,1.8829134390552227e-08
7,0,5,0.00011680811397104931,0.00011681915632812123,1.1042357071921354e-08,9.453416116844574e-05,True,2.8466702953200418e-08
7,1,3,-0.00018185881504821755,-0.00018189038415390713,3.1569105689576186e-08,0.0001735912866319185,True,4.0989977898031604e-08
7,1,5,0.00012958250813412096,0.00012964369652500307,6.118839088211617e-08,0.0004721963771436245,True,2.2565045595945854e-08
8,1,1,-0.0001504109090171774,-0.00015055481757009215,1.4390855291473471e-07,0.0009567693849805794,True,8.146567520572745e-08
