seed,projection,kv_head,source_position,sign,linear_effect_full,meaningful_signal,taylor_error_slope,smallest_relative_error,smallest_sign_agreement
42,k_proj,0,1,-1,-6.346158207717117e-05,True,2.0002638515192603,5.538775462840028e-06,True
42,k_proj,0,1,1,-6.346158207717117e-05,True,1.99973491162903,5.538904513602028e-06,True
42,k_proj,0,3,-1,1.922427501830368e-05,True,2.0000171318693187,4.9841809570822014e-05,True
42,k_proj,0,3,1,1.922427501830368e-05,True,1.999981895085443,4.984717662452263e-05,True
42,k_proj,0,5,-1,4.2857082947200784e-05,True,1.9998028437106203,2.70222678578263e-05,True
42,k_proj,0,5,1,4.2857082947200784e-05,True,2.000196749003828,2.70212440980957e-05,True
42,k_proj,1,1,-1,0.0003504807174631963,True,1.9996421257431378,3.0262839659467524e-05,True
42,k_proj,1,1,1,0.0003504807174631963,True,2.0003550615261805,3.026175366961434e-05,True
42,k_proj,1,3,-1,-6.188877611271973e-07,True,2.0002789832765497,0.005989515422294825,True
42,k_proj,1,3,1,-6.188877611271973e-07,True,1.9997165517508557,0.006062037663890632,True
42,k_proj,1,5,-1,-0.0002677553008650871,True,1.9997117164350295,3.528785583988488e-05,True
42,k_proj,1,5,1,-0.0002677553008650871,True,2.000287031506132,3.528603172388302e-05,True
42,v_proj,0,1,-1,-0.005959024905475046,True,2.0096026840975174,0.0003486519960693065,True
42,v_proj,0,1,1,-0.005959024905475046,True,1.9877979599419309,0.0003481332782372572,True
42,v_proj,0,3,-1,0.013697121048565077,True,1.9911004463031037,0.0001727586800358685,True
42,v_proj,0,3,1,0.013697121048565077,True,2.007532492872778,0.00017292179256657157,True
42,v_proj,0,5,-1,-0.013698415947258331,True,2.007417706597028,0.00014310432081292103,True
42,v_proj,0,5,1,-0.013698415947258331,True,1.9916993214841576,0.0001429815067002295,True
42,v_proj,1,1,-1,-0.015397117928286366,True,1.9832453200241908,0.0007156072405120696,True
42,v_proj,1,1,1,-0.015397117928286366,True,2.01049899907502,0.0007153173582089861,True
42,v_proj,1,3,-1,0.012578794153599615,True,1.9897696273496104,0.00014016507561667144,True
42,v_proj,1,3,1,0.012578794153599615,True,2.009438166883302,0.000140305034076052,True
42,v_proj,1,5,-1,0.02023481727535692,True,1.9860118504483435,0.00013536232609835344,True
42,v_proj,1,5,1,0.02023481727535692,True,2.0126214833159173,0.00013553041956454828,True
123,k_proj,0,1,-1,-0.00010674916947307643,True,1.999906235493886,8.292810065612424e-06,True
123,k_proj,0,1,1,-0.00010674916947307643,True,2.0000991296964044,8.293062944795255e-06,True
123,k_proj,0,3,-1,-0.00016164735538301355,True,1.9997257907112402,2.7546864950182828e-05,True
123,k_proj,0,3,1,-0.00016164735538301355,True,2.0002728316587777,2.7545863514255876e-05,True
123,k_proj,0,5,-1,1.1944417618655704e-05,True,2.000075740289021,7.047433564832991e-05,True
123,k_proj,0,5,1,1.1944417618655704e-05,True,1.999924179742235,7.048222026342727e-05,True
123,k_proj,1,1,-1,-0.00022800529448293005,True,2.000724500107668,1.500936862475307e-05,True
123,k_proj,1,1,1,-0.00022800529448293005,True,1.999271052052893,1.5009090715397716e-05,True
123,k_proj,1,3,-1,3.9958866874207534e-05,True,2.0004309390682664,2.1906233205032872e-06,True
123,k_proj,1,3,1,3.9958866874207534e-05,True,1.9995682606059895,2.190589333496957e-06,True
123,k_proj,1,5,-1,-3.088826158604301e-05,True,1.9998611611834851,1.577447912021291e-05,True
123,k_proj,1,5,1,-3.088826158604301e-05,True,2.000139643691285,1.5774217117521775e-05,True
123,v_proj,0,1,-1,-0.022164680259903702,True,1.9994290482456754,0.00013396679659040517,True
123,v_proj,0,1,1,-0.022164680259903702,True,1.9984303061854396,0.0001339268431536858,True
123,v_proj,0,3,-1,0.01179747967777459,True,2.1075610456852183,4.185433137571156e-06,True
123,v_proj,0,3,1,0.01179747967777459,True,1.8246163155811375,4.145644696089742e-06,True
123,v_proj,0,5,-1,0.002116750374670493,True,2.0010808087846432,0.00018347524451675645,True
123,v_proj,0,5,1,0.002116750374670493,True,1.9987205039534568,0.0001833921617736237,True
123,v_proj,1,1,-1,-0.034549640250421065,True,2.035748039785455,0.0002992826912847805,True
123,v_proj,1,1,1,-0.034549640250421065,True,1.949737794500222,0.00029818447827839974,True
123,v_proj,1,3,-1,-0.006982929491042117,True,1.9960975167507724,5.385915751982139e-06,True
123,v_proj,1,3,1,-0.006982929491042117,True,1.9963450614384262,5.385912106940578e-06,True
123,v_proj,1,5,-1,-0.012795699422745417,True,2.055882042940703,8.181996503411042e-06,True
123,v_proj,1,5,1,-0.012795699422745417,True,1.9290780298095402,8.144779638210538e-06,True
999,k_proj,0,1,-1,3.178418826528878e-05,True,1.9989298298345113,1.8501407992739722e-05,True
999,k_proj,0,1,1,3.178418826528878e-05,True,2.0010754695607016,1.8501149615606943e-05,True
999,k_proj,0,3,-1,-1.4976045829293635e-06,True,2.000059972402565,0.0015113244743384258,True
999,k_proj,0,3,1,-1.4976045829293635e-06,True,1.9999352105266734,0.0015158891661730713,True
999,k_proj,0,5,-1,-5.7622222200040904e-05,True,1.999734951249389,1.900676728693008e-05,True
999,k_proj,0,5,1,-5.7622222200040904e-05,True,2.000262808016048,1.900659686990446e-05,True
999,k_proj,1,1,-1,4.466563296939893e-06,True,1.999754422842463,8.968381205377325e-05,True
999,k_proj,1,1,1,4.466563296939893e-06,True,2.000247477320987,8.966899847292933e-05,True
999,k_proj,1,3,-1,9.404341663142475e-05,True,2.0002427256416095,1.2467426926046447e-05,True
999,k_proj,1,3,1,9.404341663142475e-05,True,1.9997553901701748,1.2467905131296202e-05,True
999,k_proj,1,5,-1,-2.8706273597379513e-05,True,1.9997415850674227,1.7846647849818596e-05,True
999,k_proj,1,5,1,-2.8706273597379513e-05,True,2.0002563838633534,1.7845796553358388e-05,True
999,v_proj,0,1,-1,0.009150363425972988,True,1.9801340529182088,0.0004938620851037888,True
999,v_proj,0,1,1,0.009150363425972988,True,2.0180384290068454,0.0004950358508997321,True
999,v_proj,0,3,-1,-0.015086395036046168,True,2.010890618589554,0.00020869513358161133,True
999,v_proj,0,3,1,-0.015086395036046168,True,1.988369553957974,0.00020843670648833373,True
999,v_proj,0,5,-1,-0.003245312678462135,True,2.0062388281913734,0.0001744005105306361,True
999,v_proj,0,5,1,-0.003245312678462135,True,1.993615589862652,0.00017425945392687372,True
999,v_proj,1,1,-1,-0.0040311725298638554,True,1.9909964832171247,0.0036153091857825956,True
999,v_proj,1,1,1,-0.0040311725298638554,True,2.0063589969723146,0.0035913783343988668,True
999,v_proj,1,3,-1,-0.006549544996998405,True,2.002206766062238,0.00010748449197455898,True
999,v_proj,1,3,1,-0.006549544996998405,True,1.997757287994143,0.00010744394145055595,True
999,v_proj,1,5,-1,0.009975384550754657,True,1.9889223125126965,0.0001239655351075283,True
999,v_proj,1,5,1,0.009975384550754657,True,2.0106247812442595,0.00012409448430654834,True
