seed,projection,kv_head,source_position,sign,epsilon,linear_effect_full,meaningful_signal,predicted_delta,exact_delta,absolute_error,relative_error,sign_agreement
42,k_proj,0,1,-1,0.3,-6.346158207717117e-05,True,1.9038474623151348e-05,1.9049030299547742e-05,1.055567639639458e-08,0.0005541319547717444,True
42,k_proj,0,1,-1,0.1,-6.346158207717117e-05,True,6.346158207717117e-06,6.347330307729382e-06,1.1721000122651406e-09,0.00018466031472126645,True
42,k_proj,0,1,-1,0.03,-6.346158207717117e-05,True,1.903847462315135e-06,1.903952927595487e-06,1.0546528035205604e-10,5.5392798227027995e-05,True
42,k_proj,0,1,-1,0.01,-6.346158207717117e-05,True,6.346158207717116e-07,6.346275383956046e-07,1.1717623892962788e-11,1.84637810117506e-05,True
42,k_proj,0,1,-1,0.003,-6.346158207717117e-05,True,1.903847462315135e-07,1.903858007357151e-07,1.0545042015881298e-12,5.538775462840028e-06,True
42,k_proj,0,1,1,0.3,-6.346158207717117e-05,True,-1.9038474623151348e-05,-1.9027939285806705e-05,1.0535337344642367e-08,0.0005536772630182225,True
42,k_proj,0,1,1,0.1,-6.346158207717117e-05,True,-6.346158207717117e-06,-6.344986861028801e-06,1.1713466883160348e-09,0.0001846097894245455,True
42,k_proj,0,1,1,0.03,-6.346158207717117e-05,True,-1.903847462315135e-06,-1.903742017403398e-06,1.0544491173679738e-10,5.538823578660021e-05,True
42,k_proj,0,1,1,0.01,-6.346158207717117e-05,True,-6.346158207717116e-07,-6.346041038912675e-07,1.171688044409817e-11,1.846329132171154e-05,True
42,k_proj,0,1,1,0.003,-6.346158207717117e-05,True,-1.903847462315135e-07,-1.9038369171442415e-07,1.054517089353241e-12,5.538904513602028e-06,True
42,k_proj,0,3,-1,0.3,1.922427501830368e-05,True,-5.767282505491104e-06,-5.796031238416988e-06,2.8748732925883663e-08,0.0049600721154386875,True
42,k_proj,0,3,-1,0.1,1.922427501830368e-05,True,-1.922427501830368e-06,-1.925621671949873e-06,3.19417011950497e-09,0.001658773457961019,True
42,k_proj,0,3,-1,0.03,1.922427501830368e-05,True,-5.767282505491104e-07,-5.770157215784222e-07,2.874710293117827e-10,0.0004982031139903916,True
42,k_proj,0,3,-1,0.01,1.922427501830368e-05,True,-1.922427501830368e-07,-1.9227469129357022e-07,3.1941110533413185e-11,0.00016612228223341485,True
42,k_proj,0,3,-1,0.003,1.922427501830368e-05,True,-5.7672825054911045e-08,-5.767569971615316e-08,2.874661242116419e-12,4.9841809570822014e-05,True
42,k_proj,0,3,1,0.3,1.922427501830368e-05,True,5.767282505491104e-06,5.738537457847248e-06,2.8745047643855864e-08,0.005009124337865569,True
42,k_proj,0,3,1,0.1,1.922427501830368e-05,True,1.922427501830368e-06,1.919233468219983e-06,3.1940336103851594e-09,0.0016642235888828605,True
42,k_proj,0,3,1,0.03,1.922427501830368e-05,True,5.767282505491104e-07,5.764407831621021e-07,2.874673870082761e-10,0.0004986937000386331,True
42,k_proj,0,3,1,0.01,1.922427501830368e-05,True,1.922427501830368e-07,1.9221080919951117e-07,3.1940983525640244e-11,0.00016617683291935008,True
42,k_proj,0,3,1,0.003,1.922427501830368e-05,True,5.7672825054911045e-08,5.766995037070899e-08,2.8746842020561852e-12,4.984717662452263e-05,True
42,k_proj,0,5,-1,0.3,4.2857082947200784e-05,True,-1.2857124884160234e-05,-1.2822407598603314e-05,3.4717285556920544e-08,0.0027075481176173297,True
42,k_proj,0,5,-1,0.1,4.2857082947200784e-05,True,-4.285708294720079e-06,-4.28184896604511e-06,3.859328674969143e-09,0.0009013229344550601,True
42,k_proj,0,5,-1,0.03,4.2857082947200784e-05,True,-1.2857124884160234e-06,-1.2853650905586544e-06,3.4739785736897984e-10,0.00027027173829498617,True
42,k_proj,0,5,-1,0.01,4.2857082947200784e-05,True,-4.2857082947200786e-07,-4.2853222788352685e-07,3.8601588481010296e-11,9.007861245736233e-05,True
42,k_proj,0,5,-1,0.003,4.2857082947200784e-05,True,-1.2857124884160235e-07,-1.285677746487579e-07,3.4741928444433858e-12,2.70222678578263e-05,True
42,k_proj,0,5,1,0.3,4.2857082947200784e-05,True,1.2857124884160234e-05,1.2891892072458555e-05,3.4767188298320825e-08,0.0026968258889317966,True
42,k_proj,0,5,1,0.1,4.2857082947200784e-05,True,4.285708294720079e-06,4.289569471641053e-06,3.861176920973696e-09,0.0009001315741592438,True
42,k_proj,0,5,1,0.03,4.2857082947200784e-05,True,1.2857124884160234e-06,1.2860599361702585e-06,3.4744775423506483e-10,0.00027016451135996434,True
42,k_proj,0,5,1,0.01,4.2857082947200784e-05,True,4.2857082947200786e-07,4.286094328898038e-07,3.8603417795937745e-11,9.00666547062737e-05,True
42,k_proj,0,5,1,0.003,4.2857082947200784e-05,True,1.2857124884160235e-07,1.2857472309057982e-07,3.474248977475619e-12,2.70212440980957e-05,True
42,k_proj,1,1,-1,0.3,0.0003504807174631963,True,-0.00010514421523895888,-0.00010482643995721186,3.177752817470214e-07,0.003031442085381619,True
42,k_proj,1,1,-1,0.1,0.0003504807174631963,True,-3.5048071746319634e-05,-3.501273259404192e-05,3.533915227771589e-08,0.0010093228851189272,True
42,k_proj,1,1,-1,0.03,0.0003504807174631963,True,-1.0514421523895888e-05,-1.0511240033317382e-05,3.1814905785063617e-09,0.0003026750952715398,True
42,k_proj,1,1,-1,0.01,0.0003504807174631963,True,-3.504807174631963e-06,-3.5044536450673514e-06,3.535295646117443e-10,0.00010088008015439162,True
42,k_proj,1,1,-1,0.003,0.0003504807174631963,True,-1.0514421523895888e-06,-1.051410333727243e-06,3.181866234589479e-11,3.0262839659467524e-05,True
42,k_proj,1,1,1,0.3,0.0003504807174631963,True,0.00010514421523895888,0.00010546281802367719,3.1860278471830485e-07,0.003020996315941189,True
42,k_proj,1,1,1,0.1,0.0003504807174631963,True,3.5048071746319634e-05,3.508344154740106e-05,3.53698010814284e-08,0.0010081622418268298,True
42,k_proj,1,1,1,0.03,0.0003504807174631963,True,1.0514421523895888e-05,1.051760384193634e-05,3.1823180404524378e-09,0.0003025706318927637,True
42,k_proj,1,1,1,0.01,0.0003504807174631963,True,3.504807174631963e-06,3.5051607348846048e-06,3.5356025264168136e-10,0.00010086848489512168,True
42,k_proj,1,1,1,0.003,0.0003504807174631963,True,1.0514421523895888e-06,1.0514739718359145e-06,3.181944632570945e-11,3.026175366961434e-05,True
42,k_proj,1,3,-1,0.3,-6.188877611271973e-07,True,1.856663283381592e-07,2.9765435043127564e-07,1.1198802209311643e-07,0.37623512618194693,True
42,k_proj,1,3,-1,0.1,-6.188877611271973e-07,True,6.188877611271973e-08,7.432347831626274e-08,1.2434702203543006e-08,0.16730517038815937,True
42,k_proj,1,3,-1,0.03,-6.188877611271973e-07,True,1.856663283381592e-08,1.9685489197063255e-08,1.1188563632473352e-09,0.056836604467734024,True
42,k_proj,1,3,-1,0.01,-6.188877611271973e-07,True,6.1888776112719736e-09,6.313186445838781e-09,1.2430883456680741e-10,0.01969034743916731,True
42,k_proj,1,3,-1,0.003,-6.188877611271973e-07,True,1.8566632833815921e-09,1.867850804582183e-09,1.1187521200590781e-11,0.005989515422294825,True
42,k_proj,1,3,1,0.3,-6.188877611271973e-07,True,-1.856663283381592e-07,-7.390778246352259e-08,1.1175854587463662e-07,1.5121350167662708,True
42,k_proj,1,3,1,0.1,-6.188877611271973e-07,True,-6.188877611271973e-08,-4.946257339821791e-08,1.2426202714501818e-08,0.25122434723441867,True
42,k_proj,1,3,1,0.03,-6.188877611271973e-07,True,-1.856663283381592e-08,-1.7448005970588376e-08,1.1186268632275437e-09,0.06411201744847991,True
42,k_proj,1,3,1,0.01,-6.188877611271973e-07,True,-6.1888776112719736e-09,-6.064577229292212e-09,1.2430038197976179e-10,0.020496133082349866,True
42,k_proj,1,3,1,0.003,-6.188877611271973e-07,True,-1.8566632833815921e-09,-1.8454759387331876e-09,1.1187344648404504e-11,0.006062037663890632,True
42,k_proj,1,5,-1,0.3,-0.0002677553008650871,True,8.032659025952611e-05,8.004344019871268e-05,2.83150060813436e-07,0.0035374549133632797,True
42,k_proj,1,5,-1,0.1,-0.0002677553008650871,True,2.6775530086508708e-05,2.674404689083365e-05,3.14831956750579e-08,0.0011772038765699502,True
42,k_proj,1,5,-1,0.03,-0.0002677553008650871,True,8.032659025952611e-06,8.029824843908129e-06,2.8341820444826855e-09,0.00035295689502279164,True
42,k_proj,1,5,-1,0.01,-0.0002677553008650871,True,2.677553008650871e-06,2.6772380774670035e-06,3.149311838674281e-10,0.0001176328644501395,True
42,k_proj,1,5,-1,0.003,-0.0002677553008650871,True,8.032659025952613e-07,8.032375580641071e-07,2.834453115414737e-11,3.528785583988488e-05,True
42,k_proj,1,5,1,0.3,-0.0002677553008650871,True,-8.032659025952611e-05,-8.061033514270011e-05,2.837448831739922e-07,0.003519956624317391,True
42,k_proj,1,5,1,0.1,-0.0002677553008650871,True,-2.6775530086508708e-05,-2.680703531275641e-05,3.150522624770265e-08,0.001175259624204343,True
42,k_proj,1,5,1,0.03,-0.0002677553008650871,True,-8.032659025952611e-06,-8.03549380291868e-06,2.8347769660691806e-09,0.0003527819242470852,True
42,k_proj,1,5,1,0.01,-0.0002677553008650871,True,-2.677553008650871e-06,-2.6778679618477685e-06,3.149531968976275e-10,0.0001176134153680621,True
42,k_proj,1,5,1,0.003,-0.0002677553008650871,True,-8.032659025952613e-07,-8.032942476615679e-07,2.834506630659883e-11,3.528603172388302e-05,True
42,v_proj,0,1,-1,0.3,-0.005959024905475046,True,0.0017877074716425136,0.0017232087196960844,6.449875194642924e-05,0.03742944845230625,True
42,v_proj,0,1,-1,0.1,-0.005959024905475046,True,0.0005959024905475047,0.0005888939606870092,7.008529860495511e-06,0.011901174622879976,True
42,v_proj,0,1,-1,0.03,-0.005959024905475046,True,0.00017877074716425137,0.00017814548141613373,6.252657481176321e-07,0.003509860273452914,True
42,v_proj,0,1,-1,0.01,-0.005959024905475046,True,5.959024905475046e-05,5.952095532436863e-05,6.929373038183e-08,0.0011641904939899423,True
42,v_proj,0,1,-1,0.003,-0.005959024905475046,True,1.7877074716425137e-05,1.7870844010989262e-05,6.230705435874618e-09,0.0003486519960693065,True
42,v_proj,0,1,1,0.3,-0.005959024905475046,True,-0.0017877074716425136,-0.0018472742055896663,5.9566733947152666e-05,0.03224574552435676,True
42,v_proj,0,1,1,0.1,-0.005959024905475046,True,-0.0005959024905475047,-0.0006027283062395306,6.8258156920258765e-06,0.011324863327910844,True
42,v_proj,0,1,1,0.03,-0.005959024905475046,True,-0.00017877074716425137,-0.00017939107949326016,6.203323290087986e-07,0.0034579887180627893,True
42,v_proj,0,1,1,0.01,-0.005959024905475046,True,-5.959024905475046e-05,-5.965936006545325e-05,6.911101070278898e-08,0.0011584269530710047,True
42,v_proj,0,1,1,0.003,-0.005959024905475046,True,-1.7877074716425137e-05,-1.7883300488449883e-05,6.2257720247460005e-09,0.0003481332782372572,True
42,v_proj,0,3,-1,0.3,0.013697121048565077,True,-0.0041091363145695226,-0.00417788758026455,6.875126569502732e-05,0.016455987475535158,True
42,v_proj,0,3,-1,0.1,0.013697121048565077,True,-0.0013697121048565077,-0.0013775230042611664,7.810899404658627e-06,0.005670249702180472,True
42,v_proj,0,3,-1,0.03,0.013697121048565077,True,-0.00041091363145695227,-0.0004116217171182962,7.080856613439382e-07,0.0017202339718641255,True
42,v_proj,0,3,-1,0.01,0.013697121048565077,True,-0.00013697121048565077,-0.00013705004544167787,7.883495602709675e-08,0.0005752275073899573,True
42,v_proj,0,3,-1,0.003,0.013697121048565077,True,-4.109136314569523e-05,-4.109846326195987e-05,7.100116264638823e-09,0.0001727586800358685,True
42,v_proj,0,3,1,0.3,0.013697121048565077,True,0.0041091363145695226,0.004036137805528514,7.299850904100846e-05,0.018086228111690958,True
42,v_proj,0,3,1,0.1,0.013697121048565077,True,0.0013697121048565077,0.0013617438944435317,7.968210412976013e-06,0.0058514750427665204,True
42,v_proj,0,3,1,0.03,0.013697121048565077,True,0.00041091363145695227,0.00041020129838288677,7.123330740654962e-07,0.00173654514715991,True
42,v_proj,0,3,1,0.01,0.013697121048565077,True,0.00013697121048565077,0.00013689221821795716,7.899226769361115e-08,0.0005770398691899431,True
42,v_proj,0,3,1,0.003,0.013697121048565077,True,4.109136314569523e-05,4.108425878202038e-05,7.104363674855874e-09,0.00017292179256657157,True
42,v_proj,0,5,-1,0.3,-0.013698415947258331,True,0.004109524784177499,0.0040491299652557905,6.0394818921708296e-05,0.01491550516776091,True
42,v_proj,0,5,-1,0.1,-0.013698415947258331,True,0.0013698415947258331,0.0013632486221044626,6.592972621370522e-06,0.004836221738623784,True
42,v_proj,0,5,-1,0.03,-0.013698415947258331,True,0.00041095247841774993,0.0004103629645142576,5.895139034923559e-07,0.0014365670259502035,True
42,v_proj,0,5,-1,0.01,-0.013698415947258331,True,0.00013698415947258332,0.00013691878186089523,6.537761168808683e-08,0.00047749191746759937,True
42,v_proj,0,5,-1,0.003,-0.013698415947258331,True,4.1095247841774995e-05,4.108936777570682e-05,5.880066068174848e-09,0.00014310432081292103,True
42,v_proj,0,5,1,0.3,-0.013698415947258331,True,-0.004109524784177499,-0.004166554042198234,5.7029258020735094e-05,0.013687391893433118,True
42,v_proj,0,5,1,0.1,-0.013698415947258331,True,-0.0013698415947258331,-0.0013763099236647064,6.468328938873244e-06,0.0046997618978507376,True
42,v_proj,0,5,1,0.03,-0.013698415947258331,True,-0.00041095247841774993,-0.00041153862696304,5.86148545290066e-07,0.0014242856123022143,True
42,v_proj,0,5,1,0.01,-0.013698415947258331,True,-0.00013698415947258332,-0.0001370494124414423,6.52529688589885e-08,0.0004761273156633883,True
42,v_proj,0,5,1,0.003,-0.013698415947258331,True,-4.1095247841774995e-05,-4.1101124542489154e-05,5.8767007141588795e-09,0.0001429815067002295,True
42,v_proj,1,1,-1,0.3,-0.015397117928286366,True,0.00461913537848591,0.004308277665505816,0.0003108577129800937,0.07215359294712431,True
42,v_proj,1,1,-1,0.1,-0.015397117928286366,True,0.0015397117928286368,0.0015036584510781104,3.60533417505264e-05,0.023977081846397005,True
42,v_proj,1,1,-1,0.03,-0.015397117928286366,True,0.00046191353784859096,0.0004586260007261589,3.2875371224320733e-06,0.00716823101443616,True
42,v_proj,1,1,-1,0.01,-0.015397117928286366,True,0.00015397117928286365,0.00015360460886866545,3.6657041419820534e-07,0.0023864545269707974,True
42,v_proj,1,1,-1,0.003,-0.015397117928286366,True,4.61913537848591e-05,4.615832255502883e-05,3.30312298302702e-08,0.0007156072405120696,True
42,v_proj,1,1,1,0.3,-0.015397117928286366,True,-0.00461913537848591,-0.004962445831589127,0.0003433104531032167,0.06918170288486115,True
42,v_proj,1,1,1,0.1,-0.015397117928286366,True,-0.0015397117928286368,-0.001577014545375538,3.730275254690122e-05,0.023654032016564713,True
42,v_proj,1,1,1,0.03,-0.015397117928286366,True,-0.00046191353784859096,-0.000465234959574401,3.3214217258100125e-06,0.007139235041254131,True
42,v_proj,1,1,1,0.01,-0.015397117928286366,True,-0.00015397117928286365,-0.00015433900517425325,3.67825891389598e-07,0.0023832335252797036,True
42,v_proj,1,1,1,0.003,-0.015397117928286366,True,-4.61913537848591e-05,-4.6224418914081467e-05,3.306512922236624e-08,0.0007153173582089861,True
42,v_proj,1,3,-1,0.3,0.012578794153599615,True,-0.003773638246079884,-0.0038246184317140414,5.09801856341573e-05,0.013329482808383062,True
42,v_proj,1,3,-1,0.1,0.012578794153599615,True,-0.0012578794153599616,-0.0012636885290740058,5.809113714044106e-06,0.004596950577925129,True
42,v_proj,1,3,-1,0.03,0.012578794153599615,True,-0.0003773638246079884,-0.00037789111799090003,5.272933829116098e-07,0.0013953579690229913,True
42,v_proj,1,3,-1,0.01,0.012578794153599615,True,-0.00012578794153599615,-0.00012584667075629663,5.872922030048205e-08,0.0004666728165913248,True
42,v_proj,1,3,-1,0.003,0.012578794153599615,True,-3.773638246079884e-05,-3.7741672525182235e-05,5.2900643833918184e-09,0.00014016507561667144,True
42,v_proj,1,3,1,0.3,0.012578794153599615,True,0.003773638246079884,0.003718866123066683,5.4772123013200995e-05,0.014728178213641727,True
42,v_proj,1,3,1,0.1,0.012578794153599615,True,0.0012578794153599616,0.0012519296833909954,5.9497319689662265e-06,0.0047524489976551185,True
42,v_proj,1,3,1,0.03,0.012578794153599615,True,0.0003773638246079884,0.000376832733989807,5.31090618181428e-07,0.0014093537272051148,True
42,v_proj,1,3,1,0.01,0.012578794153599615,True,0.00012578794153599615,0.00012572907167550385,5.8869860492303085e-08,0.0004682279102818896,True
42,v_proj,1,3,1,0.003,0.012578794153599615,True,3.773638246079884e-05,3.7731088599127216e-05,5.293861671627081e-09,0.000140305034076052,True
42,v_proj,1,5,-1,0.3,0.02023481727535692,True,-0.006070445182607076,-0.006148574247770933,7.812906516385665e-05,0.012706858861171124,True
42,v_proj,1,5,-1,0.1,0.02023481727535692,True,-0.002023481727535692,-0.002032468442341062,8.986714805370166e-06,0.0044215765510331765,True
42,v_proj,1,5,-1,0.03,0.02023481727535692,True,-0.0006070445182607076,-0.0006078627386502111,8.182203895034995e-07,0.0013460611047164987,True
42,v_proj,1,5,-1,0.01,0.02023481727535692,True,-0.00020234817275356922,-0.0002024393826522558,9.120989868658985e-08,0.00045055412386466043,True
42,v_proj,1,5,-1,0.003,0.02023481727535692,True,-6.070445182607076e-05,-6.0712670034310245e-05,8.218208239486034e-09,0.00013536232609835344,True
42,v_proj,1,5,1,0.3,0.02023481727535692,True,0.006070445182607076,0.005984352225941764,8.609295666531236e-05,0.014386345157309624,True
42,v_proj,1,5,1,0.1,0.02023481727535692,True,0.002023481727535692,0.00201419963296795,9.282094567741872e-06,0.004608328993717758,True
42,v_proj,1,5,1,0.03,0.02023481727535692,True,0.0006070445182607076,0.0006062183213219746,8.261969387330032e-07,0.0013628702889271365,True
42,v_proj,1,5,1,0.01,0.02023481727535692,True,0.00020234817275356922,0.0002022566674228926,9.150533067660521e-08,0.0004524218254089956,True
42,v_proj,1,5,1,0.003,0.02023481727535692,True,6.070445182607076e-05,6.069622564114363e-05,8.22618492712869e-09,0.00013553041956454828,True
123,k_proj,0,1,-1,0.3,-0.00010674916947307643,True,3.202475084192293e-05,3.205129909716886e-05,2.6548255245933375e-08,0.0008283051231542256,True
123,k_proj,0,1,-1,0.1,-0.00010674916947307643,True,1.0674916947307644e-05,1.0677867415848086e-05,2.950468540441868e-09,0.00027631627417126233,True
123,k_proj,0,1,-1,0.03,-0.00010674916947307643,True,3.2024750841922927e-06,3.2027406478979392e-06,2.6556370564656523e-10,8.291764299455942e-05,True
123,k_proj,0,1,-1,0.01,-0.00010674916947307643,True,1.0674916947307644e-06,1.0675212025329506e-06,2.9507802186145256e-11,2.764142025107408e-05,True
123,k_proj,0,1,-1,0.003,-0.00010674916947307643,True,3.202475084192293e-07,3.2025016419301444e-07,2.655773785133862e-12,8.292810065612424e-06,True
123,k_proj,0,1,1,0.3,-0.00010674916947307643,True,-3.202475084192293e-05,-3.199818392743414e-05,2.6566914488785373e-08,0.0008302631970937517,True
123,k_proj,0,1,1,0.1,-0.00010674916947307643,True,-1.0674916947307644e-05,-1.0671965787745208e-05,2.951159562435997e-09,0.00027653382901816095,True
123,k_proj,0,1,1,0.03,-0.00010674916947307643,True,-3.2024750841922927e-06,-3.2022095018402474e-06,2.655823520452129e-10,8.293721940822046e-05,True
123,k_proj,0,1,1,0.01,-0.00010674916947307643,True,-1.0674916947307644e-06,-1.0674621862688527e-06,2.950846191173227e-11,2.76435664806774e-05,True
123,k_proj,0,1,1,0.003,-0.00010674916947307643,True,-3.202475084192293e-07,-3.202448526085089e-07,2.6558107204290433e-12,8.293062944795255e-06,True
123,k_proj,0,3,-1,0.3,-0.00016164735538301355,True,4.8494206614904067e-05,4.8360755803916744e-05,1.334508109873225e-07,0.002759485636006423,True
123,k_proj,0,3,-1,0.1,-0.00016164735538301355,True,1.6164735538301354e-05,1.6149897766923327e-05,1.4837771378027582e-08,0.0009187532696595073,True
123,k_proj,0,3,-1,0.03,-0.00016164735538301355,True,4.849420661490407e-06,4.848084950812015e-06,1.3357106783916915e-09,0.00027551305143033245,True
123,k_proj,0,3,-1,0.01,-0.00016164735538301355,True,1.6164735538301355e-06,1.6163251316952953e-06,1.4842213484013234e-10,9.182690532347203e-05,True
123,k_proj,0,3,-1,0.003,-0.00016164735538301355,True,4.849420661490407e-07,4.849287078834141e-07,1.3358265626531069e-11,2.7546864950182828e-05,True
123,k_proj,0,3,1,0.3,-0.00016164735538301355,True,-4.8494206614904067e-05,-4.862792401684468e-05,1.3371740194061485e-07,0.0027498069194624723,True
123,k_proj,0,3,1,0.1,-0.00016164735538301355,True,-1.6164735538301354e-05,-1.6179583183437152e-05,1.4847645135797365e-08,0.0009176778516146648,True
123,k_proj,0,3,1,0.03,-0.00016164735538301355,True,-4.849420661490407e-06,-4.850756638793974e-06,1.3359773035671342e-09,0.0002754162707076753,True
123,k_proj,0,3,1,0.01,-0.00016164735538301355,True,-1.6164735538301355e-06,-1.6166219858754216e-06,1.4843204528612796e-10,9.18161738384067e-05,True
123,k_proj,0,3,1,0.003,-0.00016164735538301355,True,-4.849420661490407e-07,-4.84955424664979e-07,1.335851593831951e-11,2.7545863514255876e-05,True
123,k_proj,0,5,-1,0.3,1.1944417618655704e-05,True,-3.583325285596711e-06,-3.6085871528562796e-06,2.5261867259568428e-08,0.007000486946691333,True
123,k_proj,0,5,-1,0.1,1.1944417618655704e-05,True,-1.1944417618655704e-06,-1.197248121573291e-06,2.8063597077206815e-09,0.002344008444993736,True
123,k_proj,0,5,-1,0.03,1.1944417618655704e-05,True,-3.583325285596711e-07,-3.585850845561067e-07,2.525559964356057e-10,0.0007043126089537309,True
123,k_proj,0,5,-1,0.01,1.1944417618655704e-05,True,-1.1944417618655705e-07,-1.1947223743646873e-07,2.806124991168605e-11,0.0002348767421938345,True
123,k_proj,0,5,-1,0.003,1.1944417618655704e-05,True,-3.5833252855967115e-08,-3.583577835863938e-08,2.5255026722659088e-12,7.047433564832991e-05,True
123,k_proj,0,5,1,0.3,1.1944417618655704e-05,True,3.583325285596711e-06,3.5580774151861005e-06,2.524787041061065e-08,0.00709593060084953,True
123,k_proj,0,5,1,0.1,1.1944417618655704e-05,True,1.1944417618655704e-06,1.1916359205776939e-06,2.805841287876546e-09,0.002354612880850638,True
123,k_proj,0,5,1,0.03,1.1944417618655704e-05,True,3.583325285596711e-07,3.580799865510187e-07,2.52542008652417e-10,0.0007052670300981348,True
123,k_proj,0,5,1,0.01,1.1944417618655704e-05,True,1.1944417618655705e-07,1.1941611549604048e-07,2.8060690516569306e-11,0.00023498244269635219,True
123,k_proj,0,5,1,0.003,1.1944417618655704e-05,True,3.5833252855967115e-08,3.5830727426744424e-08,2.5254292226906253e-12,7.048222026342727e-05,True
123,k_proj,1,1,-1,0.3,-0.00022800529448293005,True,6.840158834487901e-05,6.850452511204808e-05,1.0293676716906393e-07,0.0015026272644135176,True
123,k_proj,1,1,-1,0.1,-0.00022800529448293005,True,2.2800529448293006e-05,2.281194675048115e-05,1.1417302188142838e-08,0.0005004966175410709,True
123,k_proj,1,1,-1,0.03,-0.00022800529448293005,True,6.840158834487901e-06,6.841185757083812e-06,1.0269225959110858e-09,0.0001501088601267321,True
123,k_proj,1,1,-1,0.01,-0.00022800529448293005,True,2.2800529448293007e-06,2.280167027246538e-06,1.1408241723726278e-10,5.0032482653266554e-05,True
123,k_proj,1,1,-1,0.003,-0.00022800529448293005,True,6.840158834487902e-07,6.840261502494283e-07,1.0266800638064398e-11,1.500936862475307e-05,True
123,k_proj,1,1,1,0.3,-0.00022800529448293005,True,-6.840158834487901e-05,-6.829919591563871e-05,1.0239242924030116e-07,0.0014991747394328546,True
123,k_proj,1,1,1,0.1,-0.00022800529448293005,True,-2.2800529448293006e-05,-2.2789132306869075e-05,1.1397141423930793e-08,0.0005001130043242357,True
123,k_proj,1,1,1,0.03,-0.00022800529448293005,True,-6.840158834487901e-06,-6.8391324562488975e-06,1.0263782390033098e-09,0.00015007433261005358,True
123,k_proj,1,1,1,0.01,-0.00022800529448293005,True,-2.2800529448293007e-06,-2.2799388826183487e-06,1.140622109520568e-10,5.0028626566105324e-05,True
123,k_proj,1,1,1,0.003,-0.00022800529448293005,True,-6.840158834487902e-07,-6.840056171464326e-07,1.0266302357592407e-11,1.5009090715397716e-05,True
123,k_proj,1,3,-1,0.3,3.9958866874207534e-05,True,-1.198766006226226e-05,-1.1990290539262705e-05,2.630477000443952e-09,0.00021938392500418116,True
123,k_proj,1,3,-1,0.1,3.9958866874207534e-05,True,-3.995886687420753e-06,-3.996178658358107e-06,2.919709373538809e-10,7.306253356396276e-05,True
123,k_proj,1,3,-1,0.03,3.9958866874207534e-05,True,-1.198766006226226e-06,-1.1987922740042123e-06,2.6267777986307576e-11,2.191186793235479e-05,True
123,k_proj,1,3,-1,0.01,3.9958866874207534e-05,True,-3.9958866874207533e-07,-3.995915870552702e-07,2.918313194876285e-12,7.303239831404743e-06,True
123,k_proj,1,3,-1,0.003,3.9958866874207534e-05,True,-1.198766006226226e-07,-1.1987686322767477e-07,2.626050521753273e-13,2.1906233205032872e-06,True
123,k_proj,1,3,1,0.3,3.9958866874207534e-05,True,1.198766006226226e-05,1.1985037827191847e-05,2.622235070413916e-09,0.00021879238999684646,True
123,k_proj,1,3,1,0.1,3.9958866874207534e-05,True,3.995886687420753e-06,3.995595021732967e-06,2.916656877860574e-10,7.299680928613139e-05,True
123,k_proj,1,3,1,0.03,3.9958866874207534e-05,True,1.198766006226226e-06,1.1987397466328709e-06,2.625959335511891e-11,2.190600038822375e-05,True
123,k_proj,1,3,1,0.01,3.9958866874207534e-05,True,3.9958866874207533e-07,3.9958575070997426e-07,2.918032101063508e-12,7.302643039394722e-06,True
123,k_proj,1,3,1,0.003,3.9958866874207534e-05,True,1.198766006226226e-07,1.1987633802279518e-07,2.6259982741141083e-13,2.190589333496957e-06,True
123,k_proj,1,5,-1,0.3,-3.088826158604301e-05,True,9.266478475812903e-06,9.251868297421861e-06,1.4610178391041343e-08,0.0015791597892841423,True
123,k_proj,1,5,-1,0.1,-3.088826158604301e-05,True,3.088826158604301e-06,3.0872022540456845e-06,1.6239045586165456e-09,0.0005260117170776447,True
123,k_proj,1,5,-1,0.03,-3.088826158604301e-05,True,9.266478475812902e-07,9.265016789050673e-07,1.4616867622291097e-10,0.000157764070536442,True
123,k_proj,1,5,-1,0.01,-3.088826158604301e-05,True,3.088826158604301e-07,3.088663743794351e-07,1.6241480995010093e-11,5.25841669480596e-05,True
123,k_proj,1,5,-1,0.003,-3.088826158604301e-05,True,9.266478475812903e-08,9.266332304247449e-08,1.4617156545430575e-12,1.577447912021291e-05,True
123,k_proj,1,5,1,0.3,-3.088826158604301e-05,True,-9.266478475812903e-06,-9.281103519290235e-06,1.4625043477332008e-08,0.001575787129939312,True
123,k_proj,1,5,1,0.1,-3.088826158604301e-05,True,-3.088826158604301e-06,-3.090450613627005e-06,1.624455022703869e-09,0.0005256369461272126,True
123,k_proj,1,5,1,0.03,-3.088826158604301e-05,True,-9.266478475812902e-07,-9.267940311585843e-07,1.4618357729406994e-10,0.00015773038278130255,True
123,k_proj,1,5,1,0.01,-3.088826158604301e-05,True,-3.088826158604301e-07,-3.0889885790919003e-07,1.624204875992409e-11,5.2580475272261835e-05,True
123,k_proj,1,5,1,0.003,-3.088826158604301e-05,True,-9.266478475812903e-08,-9.266624649562072e-08,1.4617374916877125e-12,1.5774217117521775e-05,True
123,v_proj,0,1,-1,0.3,-0.022164680259903702,True,0.006649404077971111,0.006560526607068032,8.887747090307891e-05,0.013547307438297119,True
123,v_proj,0,1,-1,0.1,-0.022164680259903702,True,0.00221646802599037,0.002206570956481302,9.897069509068237e-06,0.0044852713573510245,True
123,v_proj,0,1,-1,0.03,-0.022164680259903702,True,0.000664940407797111,0.0006640496405900115,8.907672070995265e-07,0.0013414165939583604,True
123,v_proj,0,1,-1,0.01,-0.022164680259903702,True,0.00022164680259903702,0.00022154783503525177,9.896756378524824e-08,0.0004467096858315087,True
123,v_proj,0,1,-1,0.003,-0.022164680259903702,True,6.64940407797111e-05,6.648513397929101e-05,8.906800420089515e-09,0.00013396679659040517,True
123,v_proj,0,1,1,0.3,-0.022164680259903702,True,-0.006649404077971111,-0.006737956423191457,8.855234522034666e-05,0.01314231491844578,True
123,v_proj,0,1,1,0.1,-0.022164680259903702,True,-0.00221646802599037,-0.0022263548433972408,9.886817406870672e-06,0.004440809350850906,True
123,v_proj,0,1,1,0.03,-0.022164680259903702,True,-0.000664940407797111,-0.0006658309037519267,8.904959548156543e-07,0.0013374205820092615,True
123,v_proj,0,1,1,0.01,-0.022164680259903702,True,-0.00022164680259903702,-0.0002217457601346312,9.895753559418857e-08,0.00044626573934990806,True
123,v_proj,0,1,1,0.003,-0.022164680259903702,True,-6.64940407797111e-05,-6.650294730950468e-05,8.906529793577863e-09,0.0001339268431536858,True
123,v_proj,0,3,-1,0.3,0.01179747967777459,True,-0.003539243903332377,-0.0035370628425372003,2.18106079517659e-06,0.000616630490402052,True
123,v_proj,0,3,-1,0.1,0.01179747967777459,True,-0.001179747967777459,-0.0011795580600522104,1.8990772524853095e-07,0.0001609990484403329,True
123,v_proj,0,3,-1,0.03,0.01179747967777459,True,-0.00035392439033323766,-0.0003539089436420534,1.5446691184277904e-08,4.364594752909331e-05,True
123,v_proj,0,3,-1,0.01,0.01179747967777459,True,-0.00011797479677774589,-0.00011797313262389142,1.664153854473503e-09,1.4106210604570194e-05,True
123,v_proj,0,3,-1,0.003,0.01179747967777459,True,-3.539243903332377e-05,-3.539229090125662e-05,1.4813206715267755e-10,4.185433137571156e-06,True
123,v_proj,0,3,1,0.3,0.01179747967777459,True,0.003539243903332377,0.003540018653962751,7.747506303740909e-07,0.00021885495702312846,True
123,v_proj,0,3,1,0.1,0.01179747967777459,True,0.001179747967777459,0.0011798857684334335,1.3780065597455982e-07,0.00011679152309593622,True
123,v_proj,0,3,1,0.03,0.01179747967777459,True,0.00035392439033323766,0.00035393843006746584,1.4039734228172597e-08,3.9667165347081463e-05,True
123,v_proj,0,3,1,0.01,0.01179747967777459,True,0.00011797479677774589,0.00011797640882194038,1.6120441944891166e-09,1.3664123281817683e-05,True
123,v_proj,0,3,1,0.003,0.01179747967777459,True,3.539243903332377e-05,3.53925857584092e-05,1.4672508543025044e-10,4.145644696089742e-06,True
123,v_proj,0,5,-1,0.3,0.002116750374670493,True,-0.000635025112401148,-0.0006233306567181712,1.1694455682976731e-05,0.01876123941111433,True
123,v_proj,0,5,-1,0.1,0.002116750374670493,True,-0.00021167503746704933,-0.00021037895540285123,1.2960820641980976e-06,0.006160702061269632,True
123,v_proj,0,5,-1,0.03,0.002116750374670493,True,-6.350251124011479e-05,-6.338597655586309e-05,1.1653468425170484e-07,0.001838493158640554,True
123,v_proj,0,5,-1,0.01,0.002116750374670493,True,-2.1167503746704932e-05,-2.115455911870512e-05,1.2944627999813668e-08,0.0006119072454867599,True
123,v_proj,0,5,-1,0.003,0.002116750374670493,True,-6.350251124011479e-06,-6.349086223864098e-06,1.1649001473814353e-09,0.00018347524451675645,True
123,v_proj,0,5,1,0.3,0.002116750374670493,True,0.000635025112401148,0.0006466193121558023,1.1594199754654303e-05,0.017930487903306997,True
123,v_proj,0,5,1,0.1,0.002116750374670493,True,0.00021167503746704933,0.00021296740782925094,1.2923703622016146e-06,0.006068395043986202,True
123,v_proj,0,5,1,0.03,0.002116750374670493,True,6.350251124011479e-05,6.361894571296767e-05,1.1643447285287405e-07,0.001830185513890728,True
123,v_proj,0,5,1,0.01,0.002116750374670493,True,2.1167503746704932e-05,2.1180444663149167e-05,1.2940916444235002e-08,0.0006109841719588767,True
123,v_proj,0,5,1,0.003,0.002116750374670493,True,6.350251124011479e-06,6.351415923908088e-06,1.1647998966089217e-09,0.0001833921617736237,True
123,v_proj,1,1,-1,0.3,-0.034549640250421065,True,0.010364892075126319,0.010012229219118665,0.00035266285600765376,0.035223210365003726,True
123,v_proj,1,1,-1,0.1,-0.034549640250421065,True,0.003454964025042107,0.003418851431870318,3.611259317178907e-05,0.01056278516087296,True
123,v_proj,1,1,-1,0.03,-0.034549640250421065,True,0.0010364892075126319,0.001033345655467241,3.1435520453908933e-06,0.003042110864606572,True
123,v_proj,1,1,-1,0.01,-0.034549640250421065,True,0.00034549640250421067,0.00034515060467460446,3.457978296062111e-07,0.0010018751957054134,True
123,v_proj,1,1,-1,0.003,-0.034549640250421065,True,0.00010364892075126319,0.00010361790970438156,3.101104688163069e-08,0.0002992826912847805,True
123,v_proj,1,1,1,0.3,-0.034549640250421065,True,-0.010364892075126319,-0.01062253153065626,0.00025763945552994064,0.024254054204160474,True
123,v_proj,1,1,1,0.1,-0.034549640250421065,True,-0.003454964025042107,-0.0034875471604661062,3.258313542399936e-05,0.009342708191405409,True
123,v_proj,1,1,1,0.03,-0.034549640250421065,True,-0.0010364892075126319,-0.0010395374336160945,3.0482261034626285e-06,0.0029322908486894865,True
123,v_proj,1,1,1,0.01,-0.034549640250421065,True,-0.00034549640250421067,-0.00034583866964391086,3.4226713970019005e-07,0.000989672843851157,True
123,v_proj,1,1,1,0.003,-0.034549640250421065,True,-0.00010364892075126319,-0.00010367983646920875,3.0915717945560815e-08,0.00029818447827839974,True
123,v_proj,1,3,-1,0.3,-0.006982929491042117,True,0.002094878847312635,0.0020937667253310976,1.1121219815374457e-06,0.0005311584944409604,True
123,v_proj,1,3,-1,0.1,-0.006982929491042117,True,0.0006982929491042118,0.0006981677988306817,1.251502735300728e-07,0.00017925529326858,True
123,v_proj,1,3,-1,0.03,-0.006982929491042117,True,0.00020948788473126352,0.00020947660402413637,1.12807071271496e-08,5.385187133284733e-05,True
123,v_proj,1,3,-1,0.01,-0.006982929491042117,True,6.982929491042117e-05,6.982804130076237e-05,1.2536096588019541e-09,1.795281144150133e-05,True
123,v_proj,1,3,-1,0.003,-0.006982929491042117,True,2.0948788473126352e-05,2.094867564532421e-05,1.1282780214131628e-10,5.385915751982139e-06,True
123,v_proj,1,3,1,0.3,-0.006982929491042117,True,-0.002094878847312635,-0.002095991968884381,1.1131215717457947e-06,0.0005310714870430865,True
123,v_proj,1,3,1,0.1,-0.006982929491042117,True,-0.0006982929491042118,-0.0006984181417015733,1.2519259736157827e-07,0.00017925164007992183,True
123,v_proj,1,3,1,0.03,-0.006982929491042117,True,-0.00020948788473126352,-0.0002094991665973489,1.128186608538714e-08,5.385160365372979e-05,True
123,v_proj,1,3,1,0.01,-0.006982929491042117,True,-6.982929491042117e-05,-6.983054856306292e-05,1.2536526417531368e-09,1.7952782378918044e-05,True
123,v_proj,1,3,1,0.003,-0.006982929491042117,True,-2.0948788473126352e-05,-2.0948901302067502e-05,1.1282894114990859e-10,5.385912106940578e-06,True
123,v_proj,1,5,-1,0.3,-0.012795699422745417,True,0.0038387098268236252,0.003834868595229038,3.841231594587345e-06,0.0010016592483419703,True
123,v_proj,1,5,-1,0.1,-0.012795699422745417,True,0.0012795699422745417,0.001279195442628861,3.7449964568076616e-07,0.00029276186671767365,True
123,v_proj,1,5,-1,0.03,-0.012795699422745417,True,0.00038387098268236253,0.00038383893440231687,3.2048280045667444e-08,8.349408351596862e-05,True
123,v_proj,1,5,-1,0.01,-0.012795699422745417,True,0.00012795699422745417,0.0001279534859930792,3.508234374961219e-09,2.7418044516200002e-05,True
123,v_proj,1,5,-1,0.003,-0.012795699422745417,True,3.838709826823625e-05,3.838678418770225e-05,3.140805340009741e-10,8.181996503411042e-06,True
123,v_proj,1,5,1,0.3,-0.012795699422745417,True,-0.0038387098268236252,-0.003841127850557763,2.41802373413761e-06,0.0006295087870575548,True
123,v_proj,1,5,1,0.1,-0.012795699422745417,True,-0.0012795699422745417,-0.0012798917176015945,3.2177532705273543e-07,0.00025140824229702365,True
123,v_proj,1,5,1,0.03,-0.012795699422745417,True,-0.00038387098268236253,-0.00038390160736620493,3.062468384239887e-08,7.977222094093992e-05,True
123,v_proj,1,5,1,0.01,-0.012795699422745417,True,-0.00012795699422745417,-0.00012796044973595322,3.455508499049806e-09,2.7004504174377775e-05,True
123,v_proj,1,5,1,0.003,-0.012795699422745417,True,-3.838709826823625e-05,-3.838741092523912e-05,3.1265700286750835e-10,8.144779638210538e-06,True
999,k_proj,0,1,-1,0.3,3.178418826528878e-05,True,-9.535256479586634e-06,-9.517682964088614e-06,1.757351549802002e-08,0.001846406900117082,True
999,k_proj,0,1,-1,0.1,3.178418826528878e-05,True,-3.1784188265288783e-06,-3.1764611230777895e-06,1.9577034510888036e-09,0.0006163158858975466,True
999,k_proj,0,1,-1,0.03,3.178418826528878e-05,True,-9.535256479586634e-07,-9.533492938140764e-07,1.7635414458704318e-10,0.00018498376799703806,True
999,k_proj,0,1,-1,0.01,3.178418826528878e-05,True,-3.178418826528878e-07,-3.1782228271381996e-07,1.9599939067838955e-11,6.166949309053807e-05,True
999,k_proj,0,1,-1,0.003,3.178418826528878e-05,True,-9.535256479586635e-08,-9.535080067180068e-08,1.7641240656633853e-12,1.8501407992739722e-05,True
999,k_proj,0,1,1,0.3,3.178418826528878e-05,True,9.535256479586634e-06,9.552968079445945e-06,1.771159985931079e-08,0.0018540415619538039,True
999,k_proj,0,1,1,0.1,3.178418826528878e-05,True,3.1784188265288783e-06,3.180381644318775e-06,1.962817789896605e-09,0.00061716423040073,True
999,k_proj,0,1,1,0.03,3.178418826528878e-05,True,9.535256479586634e-07,9.537021400940482e-07,1.7649213538474256e-10,0.00018506001818066384,True
999,k_proj,0,1,1,0.01,3.178418826528878e-05,True,3.178418826528878e-07,3.178614877141772e-07,1.9605061289417426e-11,6.167800141628483e-05,True
999,k_proj,0,1,1,0.003,3.178418826528878e-05,True,9.535256479586635e-08,9.535432896057294e-08,1.7641647065953622e-12,1.8501149615606943e-05,True
999,k_proj,0,3,-1,0.3,-1.4976045829293635e-06,True,4.4928137487880904e-07,5.173000519054227e-07,6.801867702661368e-08,0.13148786043240035,True
999,k_proj,0,3,-1,0.1,-1.4976045829293635e-06,True,1.4976045829293635e-07,1.5731701408228105e-07,7.556555789344703e-09,0.0480339385630115,True
999,k_proj,0,3,-1,0.03,-1.4976045829293635e-06,True,4.4928137487880904e-08,4.560819211185674e-08,6.800546239758344e-10,0.014910799847272194,True
999,k_proj,0,3,-1,0.01,-1.4976045829293635e-06,True,1.4976045829293635e-08,1.5051606183646982e-08,7.556035435334714e-11,0.005020085792268515,True
999,k_proj,0,3,-1,0.003,-1.4976045829293635e-06,True,4.4928137487880905e-09,4.499614125741402e-09,6.8003769533118805e-12,0.0015113244743384258,True
999,k_proj,0,3,1,0.3,-1.4976045829293635e-06,True,-4.4928137487880904e-07,-3.8129360099836695e-07,6.798777388044208e-08,0.17830819531831918,True
999,k_proj,0,3,1,0.1,-1.4976045829293635e-06,True,-1.4976045829293635e-07,-1.4220504707118664e-07,7.555411221749704e-09,0.05313040132793268,True
999,k_proj,0,3,1,0.03,-1.4976045829293635e-06,True,-4.4928137487880904e-08,-4.424811378411775e-08,6.80023703763155e-10,0.015368422416397786,True
999,k_proj,0,3,1,0.01,-1.4976045829293635e-06,True,-1.4976045829293635e-08,-1.4900486566826743e-08,7.555926246689175e-11,0.005070925847153937,True
999,k_proj,0,3,1,0.003,-1.4976045829293635e-06,True,-4.4928137487880905e-09,-4.486013449600534e-09,6.800299187556137e-12,0.0015158891661730713,True
999,k_proj,0,5,-1,0.3,-5.7622222200040904e-05,True,1.728666666001227e-05,1.7253842660019947e-05,3.282399999232223e-08,0.0019024167913841569,True
999,k_proj,0,5,-1,0.1,-5.7622222200040904e-05,True,5.7622222200040905e-06,5.758572767800008e-06,3.649452204082934e-09,0.0006337424829446347,True
999,k_proj,0,5,-1,0.03,-5.7622222200040904e-05,True,1.728666666001227e-06,1.7283381414656684e-06,3.2852453555854715e-10,0.0001900811696951565,True
999,k_proj,0,5,-1,0.01,-5.7622222200040904e-05,True,5.76222222000409e-07,5.76185716777422e-07,3.650522298700184e-11,6.335669546127198e-05,True
999,k_proj,0,5,-1,0.003,-5.7622222200040904e-05,True,1.7286666660012273e-07,1.7286338102606713e-07,3.2855740555943824e-12,1.900676728693008e-05,True
999,k_proj,0,5,1,0.3,-5.7622222200040904e-05,True,-1.728666666001227e-05,-1.7319553853367697e-05,3.288719335542832e-08,0.0018988476050746292,True
999,k_proj,0,5,1,0.1,-5.7622222200040904e-05,True,-5.7622222200040905e-06,-5.765874012741978e-06,3.651792737887774e-09,0.0006333459124874554,True
999,k_proj,0,5,1,0.03,-5.7622222200040904e-05,True,-1.728666666001227e-06,-1.7289952537191677e-06,3.285877179407452e-10,0.00019004547134177162,True
999,k_proj,0,5,1,0.01,-5.7622222200040904e-05,True,-5.76222222000409e-07,-5.762587294844135e-07,3.6507484004446955e-11,6.335259170322799e-05,True
999,k_proj,0,5,1,0.003,-5.7622222200040904e-05,True,-1.7286666660012273e-07,-1.7286995226961643e-07,3.2856694937082253e-12,1.900659686990446e-05,True
999,k_proj,1,1,-1,0.3,4.466563296939893e-06,True,-1.3399689890819677e-06,-1.327963100650198e-06,1.2005888431769777e-08,0.00904082984375955,True
999,k_proj,1,1,-1,0.1,4.466563296939893e-06,True,-4.466563296939893e-07,-4.4532153711807076e-07,1.3347925759185507e-09,0.0029973681141872307,True
999,k_proj,1,1,-1,0.03,4.466563296939893e-06,True,-1.3399689890819678e-07,-1.3387674241416292e-07,1.2015649403385959e-10,0.0008975158184096071,True
999,k_proj,1,1,-1,0.01,4.466563296939893e-06,True,-4.4665632969398926e-08,-4.465228153893719e-08,1.335143046173772e-11,0.0002990089196247487,True
999,k_proj,1,1,-1,0.003,4.466563296939893e-06,True,-1.3399689890819678e-08,-1.3398488263316466e-08,1.2016275032119607e-12,8.968381205377325e-05,True
999,k_proj,1,1,1,0.3,4.466563296939893e-06,True,1.3399689890819677e-06,1.3519965195440964e-06,1.2027530462128652e-08,0.008896125314127604,True
999,k_proj,1,1,1,0.1,4.466563296939893e-06,True,4.466563296939893e-07,4.479919238631336e-07,1.3355941691442632e-09,0.0029812907286969345,True
999,k_proj,1,1,1,0.03,4.466563296939893e-06,True,1.3399689890819678e-07,1.3411707711075138e-07,1.201782025546027e-10,0.000896069353311076,True
999,k_proj,1,1,1,0.01,4.466563296939893e-06,True,4.4665632969398926e-08,4.4678985233748136e-08,1.3352264349210089e-11,0.00029884887222381444,True
999,k_proj,1,1,1,0.003,4.466563296939893e-06,True,1.3399689890819678e-08,1.3400891535342296e-08,1.2016445226185e-12,8.966899847292933e-05,True
999,k_proj,1,3,-1,0.3,9.404341663142475e-05,True,-2.8213024989427424e-05,-2.824823036506885e-05,3.5205375641425666e-08,0.0012462860570890794,True
999,k_proj,1,3,-1,0.1,9.404341663142475e-05,True,-9.404341663142475e-06,-9.408251055997852e-06,3.909392855376491e-09,0.00041552811804317395,True
999,k_proj,1,3,-1,0.03,9.404341663142475e-05,True,-2.8213024989427425e-06,-2.8216542713455084e-06,3.5177240276585607e-10,0.0001246688534233902,True
999,k_proj,1,3,-1,0.01,9.404341663142475e-05,True,-9.404341663142475e-07,-9.404732499440627e-07,3.908362981516078e-11,4.155740720694117e-05,True
999,k_proj,1,3,-1,0.003,9.404341663142475e-05,True,-2.8213024989427425e-07,-2.821337673764024e-07,3.517482128135484e-12,1.2467426926046447e-05,True
999,k_proj,1,3,1,0.3,9.404341663142475e-05,True,2.8213024989427424e-05,2.8177882204022398e-05,3.514278540502614e-08,0.0012471762480435631,True
999,k_proj,1,3,1,0.1,9.404341663142475e-05,True,9.404341663142475e-06,9.400434588441309e-06,3.90707470116637e-09,0.0004156270291982537,True
999,k_proj,1,3,1,0.03,9.404341663142475e-05,True,2.8213024989427425e-06,2.8209507890175622e-06,3.5170992518029166e-10,0.00012467779535522484,True
999,k_proj,1,3,1,0.01,9.404341663142475e-05,True,9.404341663142475e-07,9.40395085080592e-07,3.908123365551475e-11,4.155831338927668e-05,True
999,k_proj,1,3,1,0.003,9.404341663142475e-05,True,2.8213024989427425e-07,2.821267323649401e-07,3.5175293341286674e-12,1.2467905131296202e-05,True
999,k_proj,1,5,-1,0.3,-2.8706273597379513e-05,True,8.611882079213854e-06,8.596528143334226e-06,1.535393587962865e-08,0.0017860624223668877,True
999,k_proj,1,5,-1,0.1,-2.8706273597379513e-05,True,2.8706273597379515e-06,2.8689202960230364e-06,1.7070637149150976e-09,0.000595019567912524,True
999,k_proj,1,5,-1,0.03,-2.8706273597379513e-05,True,8.611882079213854e-07,8.610345384463258e-07,1.536694750595729e-10,0.00017847074443361853,True
999,k_proj,1,5,-1,0.01,-2.8706273597379513e-05,True,2.8706273597379513e-07,2.8704566049087e-07,1.7075482925141257e-11,5.948699205534366e-05,True
999,k_proj,1,5,-1,0.003,-2.8706273597379513e-05,True,8.611882079213854e-08,8.611728388729922e-08,1.5369048393194864e-12,1.7846647849818596e-05,True
999,k_proj,1,5,1,0.3,-2.8706273597379513e-05,True,-8.611882079213854e-06,-8.627264834498716e-06,1.5382755284861532e-08,0.0017830396516111287,True
999,k_proj,1,5,1,0.1,-2.8706273597379513e-05,True,-2.8706273597379515e-06,-2.872335490788913e-06,1.7081310509616081e-09,0.0005946836838660704,True
999,k_proj,1,5,1,0.03,-2.8706273597379513e-05,True,-8.611882079213854e-07,-8.613419062164507e-07,1.536982950652827e-10,0.00017844051700726044,True
999,k_proj,1,5,1,0.01,-2.8706273597379513e-05,True,-2.8706273597379513e-07,-2.870798124776641e-07,1.7076503868987418e-11,5.9483471587943974e-05,True
999,k_proj,1,5,1,0.003,-2.8706273597379513e-05,True,-8.611882079213854e-08,-8.612035767852078e-08,1.5368863822333377e-12,1.7845796553358388e-05,True
999,v_proj,0,1,-1,0.3,0.009150363425972988,True,-0.0027451090277918963,-0.00287134734273764,0.00012623831494574383,0.043964835973269584,True
999,v_proj,0,1,-1,0.1,0.009150363425972988,True,-0.0009150363425972988,-0.0009297680082442639,1.4731665646965098e-05,0.015844453149967783,True
999,v_proj,0,1,-1,0.03,0.009150363425972988,True,-0.0002745109027791896,-0.00027585880560185294,1.3479028226633214e-06,0.004886205534467331,True
999,v_proj,0,1,-1,0.01,0.009150363425972988,True,-9.150363425972988e-05,-9.165409877082142e-05,1.504645110915416e-07,0.001641656108231166,True
999,v_proj,0,1,-1,0.003,0.009150363425972988,True,-2.7451090277918962e-05,-2.746465402922449e-05,1.356375130552698e-08,0.0004938620851037888,True
999,v_proj,0,1,1,0.3,0.009150363425972988,True,0.0027451090277918963,0.002600153587480225,0.00014495544031167124,0.05574879922848929,True
999,v_proj,0,1,1,0.1,0.009150363425972988,True,0.0009150363425972988,0.0008996087660688157,1.542757652848309e-05,0.017149206533302003,True
999,v_proj,0,1,1,0.03,0.009150363425972988,True,0.0002745109027791896,0.0002731442020852404,1.3667006939492468e-06,0.005003586689798157,True
999,v_proj,0,1,1,0.01,0.009150363425972988,True,9.150363425972988e-05,9.135247350428033e-05,1.5116075544955297e-07,0.001654698002703455,True
999,v_proj,0,1,1,0.003,0.009150363425972988,True,2.7451090277918962e-05,2.7437507727934296e-05,1.358254998466593e-08,0.0004950358508997321,True
999,v_proj,0,3,-1,0.3,-0.015086395036046168,True,0.004525918510813851,0.004427699850099054,9.821866071479685e-05,0.022182773006304744,True
999,v_proj,0,3,-1,0.1,-0.015086395036046168,True,0.001508639503604617,0.001498008103224091,1.063140038052592e-05,0.007097024613982038,True
999,v_proj,0,3,-1,0.03,-0.015086395036046168,True,0.000452591851081385,0.00045164402453801156,9.478265433734609e-07,0.002098614156011466,True
999,v_proj,0,3,-1,0.01,-0.015086395036046168,True,0.00015086395036046168,0.00015075892316418482,1.0502719627686016e-07,0.0006966565830566441,True
999,v_proj,0,3,-1,0.003,-0.015086395036046168,True,4.525918510813851e-05,4.524974170724838e-05,9.44340089012761e-09,0.00020869513358161133,True
999,v_proj,0,3,1,0.3,-0.015086395036046168,True,-0.004525918510813851,-0.0046163911949121395,9.047268409828873e-05,0.019598140685737668,True
999,v_proj,0,3,1,0.1,-0.015086395036046168,True,-0.001508639503604617,-0.0015189835968468512,1.0344093242234268e-05,0.0068098781736068955,True
999,v_proj,0,3,1,0.03,-0.015086395036046168,True,-0.000452591851081385,-0.0004535319190411835,9.400679597984887e-07,0.0020727713316978794,True
999,v_proj,0,3,1,0.01,-0.015086395036046168,True,-0.00015086395036046168,-0.00015096869019753933,1.0473983707765303e-07,0.0006937851612847881,True
999,v_proj,0,3,1,0.003,-0.015086395036046168,True,-4.525918510813851e-05,-4.526862075035498e-05,9.435642216473435e-09,0.00020843670648833373,True
999,v_proj,0,5,-1,0.3,-0.003245312678462135,True,0.0009735938035386405,0.0009562305326693277,1.7363270869312822e-05,0.018158038544160548,True
999,v_proj,0,5,-1,0.1,-0.003245312678462135,True,0.00032453126784621355,0.000322630944597474,1.9003232487395621e-06,0.0058900836406454255,True
999,v_proj,0,5,-1,0.03,-0.003245312678462135,True,9.735938035386405e-05,9.718926300250619e-05,1.7011735135785894e-07,0.001750371863129286,True
999,v_proj,0,5,-1,0.01,-0.003245312678462135,True,3.245312678462135e-05,3.243425380347609e-05,1.8872981145263686e-08,0.0005818842406431747,True
999,v_proj,0,5,-1,0.003,-0.003245312678462135,True,9.735938035386406e-06,9.734240378894699e-06,1.697656491707168e-09,0.0001744005105306361,True
999,v_proj,0,5,1,0.3,-0.003245312678462135,True,-0.0009735938035386405,-0.0009901757014204038,1.6581897881763293e-05,0.016746419709124973,True
999,v_proj,0,5,1,0.1,-0.003245312678462135,True,-0.00032453126784621355,-0.00032640264428446253,1.8713764382489767e-06,0.005733337247776881,True
999,v_proj,0,5,1,0.03,-0.003245312678462135,True,-9.735938035386405e-05,-9.752871611967695e-05,1.693357658129037e-07,0.0017362657128092687,True
999,v_proj,0,5,1,0.01,-0.003245312678462135,True,-3.245312678462135e-05,-3.247197081812647e-05,1.8844033505120998e-08,0.0005803169019418402,True
999,v_proj,0,5,1,0.003,-0.003245312678462135,True,-9.735938035386406e-06,-9.737634910328419e-06,1.6968749420130923e-09,0.00017425945392687372,True
999,v_proj,1,1,-1,0.3,-0.0040311725298638554,True,0.0012093517589591566,0.0007876890270852865,0.00042166273187387005,0.5353162445770808,True
999,v_proj,1,1,-1,0.1,-0.0040311725298638554,True,0.00040311725298638557,0.00035517849409177904,4.7938758894606527e-05,0.13497089404917356,True
999,v_proj,1,1,-1,0.03,-0.0040311725298638554,True,0.00012093517589591566,0.00011659002360245307,4.34515229346259e-06,0.03726864580007828,True
999,v_proj,1,1,-1,0.01,-0.0040311725298638554,True,4.031172529863855e-05,3.982799898513689e-05,4.837263135016605e-07,0.012145383293852615,True
999,v_proj,1,1,-1,0.003,-0.0040311725298638554,True,1.2093517589591566e-05,1.2049953282800008e-05,4.356430679155801e-08,0.0036153091857825956,True
999,v_proj,1,1,1,0.3,-0.0040311725298638554,True,-0.0012093517589591566,-0.0016553101584231844,0.0004459583994640278,0.26941077911878397,True
999,v_proj,1,1,1,0.1,-0.0040311725298638554,True,-0.00040311725298638557,-0.00045196699952892994,4.884974654254437e-05,0.10808255158774606,True
999,v_proj,1,1,1,0.03,-0.0040311725298638554,True,-0.00012093517589591566,-0.00012530495947862819,4.369783582712522e-06,0.03487318938447784,True
999,v_proj,1,1,1,0.01,-0.0040311725298638554,True,-4.031172529863855e-05,-4.079636399506592e-05,4.846386964273681e-07,0.011879458093029621,True
999,v_proj,1,1,1,0.003,-0.0040311725298638554,True,-1.2093517589591566e-05,-1.2137106531029396e-05,4.358894143782996e-08,0.0035913783343988668,True
999,v_proj,1,3,-1,0.3,-0.006549544996998405,True,0.0019648634990995215,0.0019435776156420947,2.12858834574268e-05,0.010951908113221729,True
999,v_proj,1,3,-1,0.1,-0.006549544996998405,True,0.0006549544996998406,0.000652602020646903,2.352479052937571e-06,0.003604768263827372,True
999,v_proj,1,3,-1,0.03,-0.006549544996998405,True,0.00019648634990995214,0.00019627502604668834,2.1132386326380486e-07,0.0010766721957460692,True
999,v_proj,1,3,-1,0.01,-0.006549544996998405,True,6.549544996998405e-05,6.547198223205708e-05,2.3467737926972563e-08,0.0003584393984558794,True
999,v_proj,1,3,-1,0.003,-0.006549544996998405,True,1.9648634990995216e-05,1.964652329441985e-05,2.1116965753670562e-09,0.00010748449197455898,True
999,v_proj,1,3,1,0.3,-0.006549544996998405,True,-0.0019648634990995215,-0.0019858066999215995,2.094320082207798e-05,0.010546444839220669,True
999,v_proj,1,3,1,0.1,-0.006549544996998405,True,-0.0006549544996998406,-0.0006572942811412241,2.339781441383572e-06,0.003559716718242455,True
999,v_proj,1,3,1,0.03,-0.006549544996998405,True,-0.00019648634990995214,-0.00019669733092020358,2.1098101025143973e-07,0.0010726175554310433,True
999,v_proj,1,3,1,0.01,-0.006549544996998405,True,-6.549544996998405e-05,-6.551890500974822e-05,2.3455039764165944e-08,0.0003579888852030752,True
999,v_proj,1,3,1,0.003,-0.006549544996998405,True,-1.9648634990995216e-05,-1.965074634463493e-05,2.1113536397126815e-09,0.00010744394145055595,True
999,v_proj,1,5,-1,0.3,0.009975384550754657,True,-0.002992615365226397,-0.0030282624159379268,3.564705071152979e-05,0.011771453663961625,True
999,v_proj,1,5,-1,0.1,0.009975384550754657,True,-0.0009975384550754659,-0.0010016081769448903,4.06972186942447e-06,0.004063187544892009,True
999,v_proj,1,5,-1,0.03,0.009975384550754657,True,-0.00029926153652263973,-0.00029963124124887663,3.6970472623690286e-07,0.0012338657500998787,True
999,v_proj,1,5,-1,0.01,0.009975384550754657,True,-9.975384550754658e-05,-9.9795032655281e-05,4.1187147734424775e-08,0.0004127174132674149,True
999,v_proj,1,5,-1,0.003,0.009975384550754657,True,-2.9926153652263972e-05,-2.992986392386099e-05,3.710271597016934e-09,0.0001239655351075283,True
999,v_proj,1,5,1,0.3,0.009975384550754657,True,0.002992615365226397,0.002954031648858546,3.858371636785091e-05,0.01306137541984693,True
999,v_proj,1,5,1,0.1,0.009975384550754657,True,0.0009975384550754659,0.0009933599142241123,4.1785408513535845e-06,0.00420647218749242,True
999,v_proj,1,5,1,0.03,0.009975384550754657,True,0.00029926153652263973,0.00029888889351911696,3.726430035227708e-07,0.0012467609590148137,True
999,v_proj,1,5,1,0.01,0.009975384550754657,True,9.975384550754658e-05,9.971254953422548e-05,4.129597332109625e-08,0.000414150209918379,True
999,v_proj,1,5,1,0.003,0.009975384550754657,True,2.9926153652263972e-05,2.9922440442448073e-05,3.7132098158989993e-09,0.00012409448430654834,True
